,type,dir,id_labels,readable_labels
0,Mountain,../Image/All_Cropped\Mountain\1.jpg,"{'09193705-n': 0.5989731550216675, '09468604-n': 0.06183058023452759, '09472597-n': 0.03854622691869736, '09288635-n': 0.03255826234817505, '09332890-n': 0.028342921286821365, '02692877-n': 0.023641366511583328, '03160309-n': 0.019196555018424988, '02980441-n': 0.01426994800567627, '04346328-n': 0.013560664840042591, '09246464-n': 0.01143481396138668}","{'alp': 0.5989731550216675, 'valley': 0.06183058023452759, 'volcano': 0.03854622691869736, 'geyser': 0.03255826234817505, 'lakeside': 0.028342921286821365, 'airship': 0.023641366511583328, 'dam': 0.019196555018424988, 'castle': 0.01426994800567627, 'stupa': 0.013560664840042591, 'cliff': 0.01143481396138668}"
1,Mountain,../Image/All_Cropped\Mountain\10.jpg,"{'09468604-n': 0.21096907556056976, '09193705-n': 0.18053661286830902, '09472597-n': 0.14254529774188995, '09332890-n': 0.0730728879570961, '03160309-n': 0.05397402122616768, '09246464-n': 0.039113398641347885, '03792972-n': 0.030733738094568253, '04044716-n': 0.027870355173945427, '09399592-n': 0.024853631854057312, '03792782-n': 0.013801556080579758}","{'valley': 0.21096907556056976, 'alp': 0.18053661286830902, 'volcano': 0.14254529774188995, 'lakeside': 0.0730728879570961, 'dam': 0.05397402122616768, 'cliff': 0.039113398641347885, 'mountain tent': 0.030733738094568253, 'radio telescope': 0.027870355173945427, 'promontory': 0.024853631854057312, 'mountain bike': 0.013801556080579758}"
2,Mountain,../Image/All_Cropped\Mountain\11.jpg,"{'09472597-n': 0.8374676704406738, '09193705-n': 0.11937664449214935, '09468604-n': 0.014632351696491241, '03792972-n': 0.014220001175999641, '03958227-n': 0.0017112295608967543, '01796340-n': 0.00150103063788265, '01698640-n': 0.0010257159592583776, '02077923-n': 0.0007258994737640023, '09246464-n': 0.0006041693268343806, '04033901-n': 0.0005634786793962121}","{'volcano': 0.8374676704406738, 'alp': 0.11937664449214935, 'valley': 0.014632351696491241, 'mountain tent': 0.014220001175999641, 'plastic bag': 0.0017112295608967543, 'ptarmigan': 0.00150103063788265, 'American alligator': 0.0010257159592583776, 'sea lion': 0.0007258994737640023, 'cliff': 0.0006041693268343806, 'quill': 0.0005634786793962121}"
3,Mountain,../Image/All_Cropped\Mountain\12.jpg,"{'09193705-n': 0.5238074660301208, '09468604-n': 0.3214852511882782, '03792972-n': 0.022008156403899193, '09246464-n': 0.019658755511045456, '04311004-n': 0.01176777109503746, '09472597-n': 0.011629696004092693, '04258138-n': 0.009230979718267918, '09332890-n': 0.008200407028198242, '03781244-n': 0.004617484286427498, '04044716-n': 0.003935948945581913}","{'alp': 0.5238074660301208, 'valley': 0.3214852511882782, 'mountain tent': 0.022008156403899193, 'cliff': 0.019658755511045456, 'steel arch bridge': 0.01176777109503746, 'volcano': 0.011629696004092693, 'solar dish': 0.009230979718267918, 'lakeside': 0.008200407028198242, 'monastery': 0.004617484286427498, 'radio telescope': 0.003935948945581913}"
4,Mountain,../Image/All_Cropped\Mountain\13.jpg,"{'09246464-n': 0.8560568690299988, '09399592-n': 0.09553050994873047, '02980441-n': 0.022197838872671127, '09193705-n': 0.00731099396944046, '03743016-n': 0.005735368467867374, '09468604-n': 0.00418792525306344, '09428293-n': 0.002440476091578603, '03781244-n': 0.001597659196704626, '09332890-n': 0.0010044974042102695, '03042490-n': 0.000322176783811301}","{'cliff': 0.8560568690299988, 'promontory': 0.09553050994873047, 'castle': 0.022197838872671127, 'alp': 0.00731099396944046, 'megalith': 0.005735368467867374, 'valley': 0.00418792525306344, 'seashore': 0.002440476091578603, 'monastery': 0.001597659196704626, 'lakeside': 0.0010044974042102695, 'cliff dwelling': 0.000322176783811301}"
5,Mountain,../Image/All_Cropped\Mountain\14.jpg,"{'09193705-n': 0.59721839427948, '09472597-n': 0.18961496651172638, '09468604-n': 0.1224241554737091, '09246464-n': 0.03651183843612671, '09399592-n': 0.030288927257061005, '09288635-n': 0.003172422992065549, '03792972-n': 0.0023085239809006453, '02417914-n': 0.0015286077978089452, '09428293-n': 0.0014386101393029094, '03160309-n': 0.0013996136840432882}","{'alp': 0.59721839427948, 'volcano': 0.18961496651172638, 'valley': 0.1224241554737091, 'cliff': 0.03651183843612671, 'promontory': 0.030288927257061005, 'geyser': 0.003172422992065549, 'mountain tent': 0.0023085239809006453, 'ibex': 0.0015286077978089452, 'seashore': 0.0014386101393029094, 'dam': 0.0013996136840432882}"
6,Mountain,../Image/All_Cropped\Mountain\15.jpg,"{'02077923-n': 0.1559484601020813, '09472597-n': 0.138178750872612, '09246464-n': 0.11707589775323868, '02058221-n': 0.08608350157737732, '09193705-n': 0.055148109793663025, '09399592-n': 0.04906546324491501, '02417914-n': 0.02613956294953823, '03160309-n': 0.02256758324801922, '09288635-n': 0.020766235888004303, '02444819-n': 0.02020506002008915}","{'sea lion': 0.1559484601020813, 'volcano': 0.138178750872612, 'cliff': 0.11707589775323868, 'albatross': 0.08608350157737732, 'alp': 0.055148109793663025, 'promontory': 0.04906546324491501, 'ibex': 0.02613956294953823, 'dam': 0.02256758324801922, 'geyser': 0.020766235888004303, 'otter': 0.02020506002008915}"
7,Mountain,../Image/All_Cropped\Mountain\16.jpg,"{'09468604-n': 0.2514188885688782, '09472597-n': 0.1068001464009285, '09246464-n': 0.08316469937562943, '09428293-n': 0.05702704191207886, '09288635-n': 0.047953665256500244, '09332890-n': 0.04438285529613495, '04532670-n': 0.043906163424253464, '09193705-n': 0.038813069462776184, '09399592-n': 0.03879360482096672, '04326547-n': 0.02525010146200657}","{'valley': 0.2514188885688782, 'volcano': 0.1068001464009285, 'cliff': 0.08316469937562943, 'seashore': 0.05702704191207886, 'geyser': 0.047953665256500244, 'lakeside': 0.04438285529613495, 'viaduct': 0.043906163424253464, 'alp': 0.038813069462776184, 'promontory': 0.03879360482096672, 'stone wall': 0.02525010146200657}"
8,Mountain,../Image/All_Cropped\Mountain\2.jpg,"{'09472597-n': 0.3902522623538971, '09421951-n': 0.19671007990837097, '09428293-n': 0.07160624861717224, '09399592-n': 0.05152742192149162, '04606251-n': 0.043864961713552475, '04592741-n': 0.03274073824286461, '09332890-n': 0.019640358164906502, '01664065-n': 0.019253261387348175, '09468604-n': 0.01693687029182911, '09246464-n': 0.014204970560967922}","{'volcano': 0.3902522623538971, 'sandbar': 0.19671007990837097, 'seashore': 0.07160624861717224, 'promontory': 0.05152742192149162, 'wreck': 0.043864961713552475, 'wing': 0.03274073824286461, 'lakeside': 0.019640358164906502, 'loggerhead': 0.019253261387348175, 'valley': 0.01693687029182911, 'cliff': 0.014204970560967922}"
9,Mountain,../Image/All_Cropped\Mountain\3.jpg,"{'09288635-n': 0.5624024868011475, '09193705-n': 0.052822671830654144, '09332890-n': 0.040090132504701614, '04252077-n': 0.036714207381010056, '04604644-n': 0.03324482589960098, '02951358-n': 0.032080717384815216, '03388043-n': 0.016091732308268547, '03218198-n': 0.01463889516890049, '03733281-n': 0.014473066665232182, '09468604-n': 0.011428296566009521}","{'geyser': 0.5624024868011475, 'alp': 0.052822671830654144, 'lakeside': 0.040090132504701614, 'snowmobile': 0.036714207381010056, 'worm fence': 0.03324482589960098, 'canoe': 0.032080717384815216, 'fountain': 0.016091732308268547, 'dogsled': 0.01463889516890049, 'maze': 0.014473066665232182, 'valley': 0.011428296566009521}"
10,Mountain,../Image/All_Cropped\Mountain\4.jpg,"{'09472597-n': 0.23519933223724365, '09399592-n': 0.22071892023086548, '09468604-n': 0.16692578792572021, '09193705-n': 0.12318716943264008, '09332890-n': 0.053914859890937805, '03792972-n': 0.03718981519341469, '09246464-n': 0.035673052072525024, '09428293-n': 0.015029452741146088, '02641379-n': 0.0077145881950855255, '04592741-n': 0.007111523766070604}","{'volcano': 0.23519933223724365, 'promontory': 0.22071892023086548, 'valley': 0.16692578792572021, 'alp': 0.12318716943264008, 'lakeside': 0.053914859890937805, 'mountain tent': 0.03718981519341469, 'cliff': 0.035673052072525024, 'seashore': 0.015029452741146088, 'gar': 0.0077145881950855255, 'wing': 0.007111523766070604}"
11,Mountain,../Image/All_Cropped\Mountain\5.jpg,"{'09193705-n': 0.4737682640552521, '03792972-n': 0.21541771292686462, '09468604-n': 0.19603009521961212, '03160309-n': 0.05084456875920296, '09246464-n': 0.01893584243953228, '09472597-n': 0.008201006799936295, '09288635-n': 0.007111364044249058, '09332890-n': 0.00588981295004487, '09399592-n': 0.004203418735414743, '02056570-n': 0.0035965610295534134}","{'alp': 0.4737682640552521, 'mountain tent': 0.21541771292686462, 'valley': 0.19603009521961212, 'dam': 0.05084456875920296, 'cliff': 0.01893584243953228, 'volcano': 0.008201006799936295, 'geyser': 0.007111364044249058, 'lakeside': 0.00588981295004487, 'promontory': 0.004203418735414743, 'king penguin': 0.0035965610295534134}"
12,Mountain,../Image/All_Cropped\Mountain\6.jpg,"{'09468604-n': 0.40369391441345215, '09399592-n': 0.04900004714727402, '09472597-n': 0.04452912136912346, '09246464-n': 0.04348176345229149, '02504458-n': 0.027799241244792938, '09193705-n': 0.023230193182826042, '09332890-n': 0.02306239865720272, '02408429-n': 0.021943464875221252, '03792782-n': 0.0160196702927351, '04366367-n': 0.014552327804267406}","{'valley': 0.40369391441345215, 'promontory': 0.04900004714727402, 'volcano': 0.04452912136912346, 'cliff': 0.04348176345229149, 'African elephant': 0.027799241244792938, 'alp': 0.023230193182826042, 'lakeside': 0.02306239865720272, 'water buffalo': 0.021943464875221252, 'mountain bike': 0.0160196702927351, 'suspension bridge': 0.014552327804267406}"
13,Mountain,../Image/All_Cropped\Mountain\7.jpg,"{'09246464-n': 0.47993025183677673, '01990800-n': 0.09229937195777893, '09472597-n': 0.07091965526342392, '09193705-n': 0.029178515076637268, '09468604-n': 0.02623724564909935, '02437312-n': 0.026208873838186264, '03042490-n': 0.025832951068878174, '03160309-n': 0.023943226784467697, '09332890-n': 0.020724041387438774, '03792972-n': 0.014257095754146576}","{'cliff': 0.47993025183677673, 'isopod': 0.09229937195777893, 'volcano': 0.07091965526342392, 'alp': 0.029178515076637268, 'valley': 0.02623724564909935, 'Arabian camel': 0.026208873838186264, 'cliff dwelling': 0.025832951068878174, 'dam': 0.023943226784467697, 'lakeside': 0.020724041387438774, 'mountain tent': 0.014257095754146576}"
14,Mountain,../Image/All_Cropped\Mountain\8.jpg,"{'09468604-n': 0.48789018392562866, '09193705-n': 0.11662311851978302, '09332890-n': 0.06154145672917366, '09399592-n': 0.06055061146616936, '09428293-n': 0.04686267301440239, '04604644-n': 0.03686556965112686, '09472597-n': 0.03400032967329025, '09246464-n': 0.013994647189974785, '03160309-n': 0.013514984399080276, '04258138-n': 0.01131005585193634}","{'valley': 0.48789018392562866, 'alp': 0.11662311851978302, 'lakeside': 0.06154145672917366, 'promontory': 0.06055061146616936, 'seashore': 0.04686267301440239, 'worm fence': 0.03686556965112686, 'volcano': 0.03400032967329025, 'cliff': 0.013994647189974785, 'dam': 0.013514984399080276, 'solar dish': 0.01131005585193634}"
15,Mountain,../Image/All_Cropped\Mountain\9.jpg,"{'09472597-n': 0.29077523946762085, '09468604-n': 0.26471221446990967, '09193705-n': 0.2475530058145523, '03792972-n': 0.07116483896970749, '09332890-n': 0.03440761938691139, '02814860-n': 0.019551152363419533, '09399592-n': 0.017269043251872063, '09246464-n': 0.013940622098743916, '09428293-n': 0.004923268221318722, '09288635-n': 0.0038804817013442516}","{'volcano': 0.29077523946762085, 'valley': 0.26471221446990967, 'alp': 0.2475530058145523, 'mountain tent': 0.07116483896970749, 'lakeside': 0.03440761938691139, 'beacon': 0.019551152363419533, 'promontory': 0.017269043251872063, 'cliff': 0.013940622098743916, 'seashore': 0.004923268221318722, 'geyser': 0.0038804817013442516}"
16,Beach,../Image/All_Cropped\Beach\1.jpg,"{'09428293-n': 0.5432791113853455, '09399592-n': 0.21580719947814941, '09288635-n': 0.055494002997875214, '02814860-n': 0.028886966407299042, '02894605-n': 0.028235243633389473, '09472597-n': 0.024135248735547066, '09332890-n': 0.01991681568324566, '09246464-n': 0.016469361260533333, '09468604-n': 0.01603713072836399, '02066245-n': 0.010557734407484531}","{'seashore': 0.5432791113853455, 'promontory': 0.21580719947814941, 'geyser': 0.055494002997875214, 'beacon': 0.028886966407299042, 'breakwater': 0.028235243633389473, 'volcano': 0.024135248735547066, 'lakeside': 0.01991681568324566, 'cliff': 0.016469361260533333, 'valley': 0.01603713072836399, 'grey whale': 0.010557734407484531}"
17,Beach,../Image/All_Cropped\Beach\10.jpg,"{'09428293-n': 0.2569032609462738, '09421951-n': 0.1717025488615036, '09288635-n': 0.0746283307671547, '09332890-n': 0.0475916713476181, '07802026-n': 0.04347066581249237, '03160309-n': 0.03530285134911537, '04467665-n': 0.02813250757753849, '09472597-n': 0.025686565786600113, '02894605-n': 0.01929675228893757, '03496892-n': 0.016092823818325996}","{'seashore': 0.2569032609462738, 'sandbar': 0.1717025488615036, 'geyser': 0.0746283307671547, 'lakeside': 0.0475916713476181, 'hay': 0.04347066581249237, 'dam': 0.03530285134911537, 'trailer truck': 0.02813250757753849, 'volcano': 0.025686565786600113, 'breakwater': 0.01929675228893757, 'harvester': 0.016092823818325996}"
18,Beach,../Image/All_Cropped\Beach\11.jpg,"{'04008634-n': 0.23186972737312317, '04266014-n': 0.1702755242586136, '03773504-n': 0.17026513814926147, '09472597-n': 0.10003320872783661, '02894605-n': 0.0716179832816124, '09332890-n': 0.048994243144989014, '09288635-n': 0.029480446130037308, '02692877-n': 0.017271574586629868, '09428293-n': 0.01691512204706669, '02687172-n': 0.016827082261443138}","{'projectile': 0.23186972737312317, 'space shuttle': 0.1702755242586136, 'missile': 0.17026513814926147, 'volcano': 0.10003320872783661, 'breakwater': 0.0716179832816124, 'lakeside': 0.048994243144989014, 'geyser': 0.029480446130037308, 'airship': 0.017271574586629868, 'seashore': 0.01691512204706669, 'aircraft carrier': 0.016827082261443138}"
19,Beach,../Image/All_Cropped\Beach\12.jpg,"{'09428293-n': 0.5814102292060852, '09399592-n': 0.30189526081085205, '02894605-n': 0.027795758098363876, '09332890-n': 0.017970986664295197, '02814860-n': 0.01599188521504402, '02687172-n': 0.011656766757369041, '09421951-n': 0.008440796285867691, '04606251-n': 0.008335118182003498, '09246464-n': 0.007797256577759981, '02066245-n': 0.0026828055270016193}","{'seashore': 0.5814102292060852, 'promontory': 0.30189526081085205, 'breakwater': 0.027795758098363876, 'lakeside': 0.017970986664295197, 'beacon': 0.01599188521504402, 'aircraft carrier': 0.011656766757369041, 'sandbar': 0.008440796285867691, 'wreck': 0.008335118182003498, 'cliff': 0.007797256577759981, 'grey whale': 0.0026828055270016193}"
20,Beach,../Image/All_Cropped\Beach\13.jpg,"{'09428293-n': 0.27882543206214905, '09399592-n': 0.13423123955726624, '02894605-n': 0.12281201034784317, '09421951-n': 0.07234681397676468, '09332890-n': 0.059171319007873535, '04606251-n': 0.027345357462763786, '09246464-n': 0.02691631019115448, '03240683-n': 0.02510164864361286, '02814860-n': 0.022569291293621063, '03095699-n': 0.0163311418145895}","{'seashore': 0.27882543206214905, 'promontory': 0.13423123955726624, 'breakwater': 0.12281201034784317, 'sandbar': 0.07234681397676468, 'lakeside': 0.059171319007873535, 'wreck': 0.027345357462763786, 'cliff': 0.02691631019115448, 'drilling platform': 0.02510164864361286, 'beacon': 0.022569291293621063, 'container ship': 0.0163311418145895}"
21,Beach,../Image/All_Cropped\Beach\14.jpg,"{'09428293-n': 0.42687276005744934, '02410509-n': 0.06500034034252167, '09421951-n': 0.053702183067798615, '04606251-n': 0.03434446081519127, '09399592-n': 0.029755879193544388, '09246464-n': 0.02037741243839264, '02097130-n': 0.01894170418381691, '02894605-n': 0.018511895090341568, '02704792-n': 0.01749909296631813, '02105056-n': 0.015080451034009457}","{'seashore': 0.42687276005744934, 'bison': 0.06500034034252167, 'sandbar': 0.053702183067798615, 'wreck': 0.03434446081519127, 'promontory': 0.029755879193544388, 'cliff': 0.02037741243839264, 'giant schnauzer': 0.01894170418381691, 'breakwater': 0.018511895090341568, 'amphibian': 0.01749909296631813, 'groenendael': 0.015080451034009457}"
22,Beach,../Image/All_Cropped\Beach\15.jpg,"{'09399592-n': 0.5557050108909607, '09428293-n': 0.3542129397392273, '09246464-n': 0.053101927042007446, '09332890-n': 0.011274021118879318, '02814860-n': 0.00875430554151535, '01664065-n': 0.004111038986593485, '02066245-n': 0.002225306583568454, '02894605-n': 0.0019142827950417995, '04606251-n': 0.0017414041794836521, '01665541-n': 0.0013778820866718888}","{'promontory': 0.5557050108909607, 'seashore': 0.3542129397392273, 'cliff': 0.053101927042007446, 'lakeside': 0.011274021118879318, 'beacon': 0.00875430554151535, 'loggerhead': 0.004111038986593485, 'grey whale': 0.002225306583568454, 'breakwater': 0.0019142827950417995, 'wreck': 0.0017414041794836521, 'leatherback turtle': 0.0013778820866718888}"
23,Beach,../Image/All_Cropped\Beach\16.jpg,"{'01484850-n': 0.7759984731674194, '02066245-n': 0.10843492299318314, '09399592-n': 0.03365717828273773, '02444819-n': 0.010923999361693859, '02077923-n': 0.010515321046113968, '02704792-n': 0.008975987322628498, '02071294-n': 0.004795418120920658, '02058221-n': 0.004256417043507099, '01665541-n': 0.003932902589440346, '01873310-n': 0.003803290193900466}","{'great white shark': 0.7759984731674194, 'grey whale': 0.10843492299318314, 'promontory': 0.03365717828273773, 'otter': 0.010923999361693859, 'sea lion': 0.010515321046113968, 'amphibian': 0.008975987322628498, 'killer whale': 0.004795418120920658, 'albatross': 0.004256417043507099, 'leatherback turtle': 0.003932902589440346, 'platypus': 0.003803290193900466}"
24,Beach,../Image/All_Cropped\Beach\2.jpg,"{'02951358-n': 0.09225760400295258, '02859443-n': 0.06691057980060577, '03991062-n': 0.06106272712349892, '09428293-n': 0.03220381587743759, '09421951-n': 0.028600329533219337, '09332890-n': 0.0253248643130064, '04355338-n': 0.02480846270918846, '03899768-n': 0.018390359356999397, '03388043-n': 0.017641834914684296, '03873416-n': 0.017094412818551064}","{'canoe': 0.09225760400295258, 'boathouse': 0.06691057980060577, 'pot': 0.06106272712349892, 'seashore': 0.03220381587743759, 'sandbar': 0.028600329533219337, 'lakeside': 0.0253248643130064, 'sundial': 0.02480846270918846, 'patio': 0.018390359356999397, 'fountain': 0.017641834914684296, 'paddle': 0.017094412818551064}"
25,Beach,../Image/All_Cropped\Beach\3.jpg,"{'09428293-n': 0.5932783484458923, '09332890-n': 0.16738460958003998, '09421951-n': 0.08081603795289993, '09399592-n': 0.06294745206832886, '02894605-n': 0.016073573380708694, '04606251-n': 0.012720397673547268, '09246464-n': 0.005310181062668562, '04366367-n': 0.004960263147950172, '09193705-n': 0.0035222689621150494, '03240683-n': 0.0033904905430972576}","{'seashore': 0.5932783484458923, 'lakeside': 0.16738460958003998, 'sandbar': 0.08081603795289993, 'promontory': 0.06294745206832886, 'breakwater': 0.016073573380708694, 'wreck': 0.012720397673547268, 'cliff': 0.005310181062668562, 'suspension bridge': 0.004960263147950172, 'alp': 0.0035222689621150494, 'drilling platform': 0.0033904905430972576}"
26,Beach,../Image/All_Cropped\Beach\4.jpg,"{'09428293-n': 0.6346336603164673, '09332890-n': 0.03754466772079468, '02814860-n': 0.02636668086051941, '03240683-n': 0.020298197865486145, '09288635-n': 0.019129345193505287, '09399592-n': 0.018383866176009178, '09421951-n': 0.017932428047060966, '02980441-n': 0.01334990095347166, '03673027-n': 0.013070402666926384, '02687172-n': 0.01298592146486044}","{'seashore': 0.6346336603164673, 'lakeside': 0.03754466772079468, 'beacon': 0.02636668086051941, 'drilling platform': 0.020298197865486145, 'geyser': 0.019129345193505287, 'promontory': 0.018383866176009178, 'sandbar': 0.017932428047060966, 'castle': 0.01334990095347166, 'liner': 0.013070402666926384, 'aircraft carrier': 0.01298592146486044}"
27,Beach,../Image/All_Cropped\Beach\5.jpg,"{'09428293-n': 0.600276529788971, '09399592-n': 0.30770376324653625, '09332890-n': 0.02588772587478161, '03673027-n': 0.007584776263684034, '03216828-n': 0.007054473739117384, '02687172-n': 0.006690765265375376, '09468604-n': 0.0063778371550142765, '09246464-n': 0.0050133028998970985, '02894605-n': 0.004552934318780899, '09421951-n': 0.004175004083663225}","{'seashore': 0.600276529788971, 'promontory': 0.30770376324653625, 'lakeside': 0.02588772587478161, 'liner': 0.007584776263684034, 'dock': 0.007054473739117384, 'aircraft carrier': 0.006690765265375376, 'valley': 0.0063778371550142765, 'cliff': 0.0050133028998970985, 'breakwater': 0.004552934318780899, 'sandbar': 0.004175004083663225}"
28,Beach,../Image/All_Cropped\Beach\6.jpg,"{'09428293-n': 0.48087266087532043, '04515003-n': 0.09545111656188965, '03933933-n': 0.08023591339588165, '09332890-n': 0.0669810101389885, '03216828-n': 0.03285566344857216, '03891251-n': 0.025033464655280113, '03976657-n': 0.01916353404521942, '03899768-n': 0.015477731823921204, '03240683-n': 0.0154646011069417, '04485082-n': 0.014709917828440666}","{'seashore': 0.48087266087532043, 'upright': 0.09545111656188965, 'pier': 0.08023591339588165, 'lakeside': 0.0669810101389885, 'dock': 0.03285566344857216, 'park bench': 0.025033464655280113, 'pole': 0.01916353404521942, 'patio': 0.015477731823921204, 'drilling platform': 0.0154646011069417, 'tripod': 0.014709917828440666}"
29,Beach,../Image/All_Cropped\Beach\7.jpg,"{'09421951-n': 0.3119620084762573, '09428293-n': 0.24753181636333466, '09332890-n': 0.08284523338079453, '04493381-n': 0.04734440892934799, '03899768-n': 0.026504483073949814, '03733281-n': 0.013152929954230785, '03388043-n': 0.010435834527015686, '09256479-n': 0.010171175003051758, '04152593-n': 0.010018362663686275, '02894605-n': 0.009660841897130013}","{'sandbar': 0.3119620084762573, 'seashore': 0.24753181636333466, 'lakeside': 0.08284523338079453, 'tub': 0.04734440892934799, 'patio': 0.026504483073949814, 'maze': 0.013152929954230785, 'fountain': 0.010435834527015686, 'coral reef': 0.010171175003051758, 'screen': 0.010018362663686275, 'breakwater': 0.009660841897130013}"
30,Beach,../Image/All_Cropped\Beach\8.jpg,"{'02894605-n': 0.3252551853656769, '09421951-n': 0.2316838651895523, '09428293-n': 0.1655619889497757, '03933933-n': 0.0816088542342186, '03160309-n': 0.0485202930867672, '04366367-n': 0.04719051718711853, '09332890-n': 0.020105799660086632, '09399592-n': 0.0117727005854249, '03216828-n': 0.011714586988091469, '04311004-n': 0.00557900033891201}","{'breakwater': 0.3252551853656769, 'sandbar': 0.2316838651895523, 'seashore': 0.1655619889497757, 'pier': 0.0816088542342186, 'dam': 0.0485202930867672, 'suspension bridge': 0.04719051718711853, 'lakeside': 0.020105799660086632, 'promontory': 0.0117727005854249, 'dock': 0.011714586988091469, 'steel arch bridge': 0.00557900033891201}"
31,Beach,../Image/All_Cropped\Beach\9.jpg,"{'09428293-n': 0.25169479846954346, '03388043-n': 0.21328449249267578, '04371430-n': 0.11471738666296005, '04311004-n': 0.06222781538963318, '04417672-n': 0.046940624713897705, '09256479-n': 0.040688786655664444, '09421951-n': 0.023149020969867706, '03782006-n': 0.014507549814879894, '04273569-n': 0.014461440965533257, '02951358-n': 0.012484459206461906}","{'seashore': 0.25169479846954346, 'fountain': 0.21328449249267578, 'swimming trunks': 0.11471738666296005, 'steel arch bridge': 0.06222781538963318, 'thatch': 0.046940624713897705, 'coral reef': 0.040688786655664444, 'sandbar': 0.023149020969867706, 'monitor': 0.014507549814879894, 'speedboat': 0.014461440965533257, 'canoe': 0.012484459206461906}"
32,Mug,../Image/All_Cropped\Mug\1.jpg,"{'03937543-n': 0.6781997084617615, '04357314-n': 0.2061043679714203, '03690938-n': 0.04854292422533035, '03063599-n': 0.02498546801507473, '03733805-n': 0.00796536635607481, '03314780-n': 0.005388238932937384, '04560804-n': 0.0035470875445753336, '02909870-n': 0.003334599547088146, '04579145-n': 0.003309640334919095, '04557648-n': 0.002115569543093443}","{'pill bottle': 0.6781997084617615, 'sunscreen': 0.2061043679714203, 'lotion': 0.04854292422533035, 'coffee mug': 0.02498546801507473, 'measuring cup': 0.00796536635607481, 'face powder': 0.005388238932937384, 'water jug': 0.0035470875445753336, 'bucket': 0.003334599547088146, 'whiskey jug': 0.003309640334919095, 'water bottle': 0.002115569543093443}"
33,Mug,../Image/All_Cropped\Mug\10.jpg,"{'03063689-n': 0.6598683595657349, '04447861-n': 0.05509115010499954, '03950228-n': 0.046044956892728806, '04560804-n': 0.04169255122542381, '07930864-n': 0.03485098481178284, '04398044-n': 0.02736526168882847, '04522168-n': 0.018738742917776108, '03188531-n': 0.016968030482530594, '15075141-n': 0.012705886736512184, '02808440-n': 0.01153892558068037}","{'coffeepot': 0.6598683595657349, 'toilet seat': 0.05509115010499954, 'pitcher': 0.046044956892728806, 'water jug': 0.04169255122542381, 'cup': 0.03485098481178284, 'teapot': 0.02736526168882847, 'vase': 0.018738742917776108, 'diaper': 0.016968030482530594, 'toilet tissue': 0.012705886736512184, 'bathtub': 0.01153892558068037}"
34,Mug,../Image/All_Cropped\Mug\11.jpg,"{'03063689-n': 0.16299687325954437, '04026417-n': 0.08706050366163254, '04398044-n': 0.084025077521801, '03063599-n': 0.06992173194885254, '04423845-n': 0.049059346318244934, '07930864-n': 0.024935487657785416, '03724870-n': 0.023974120616912842, '03950228-n': 0.01928890310227871, '04127249-n': 0.018466275185346603, '04560804-n': 0.016888638958334923}","{'coffeepot': 0.16299687325954437, 'purse': 0.08706050366163254, 'teapot': 0.084025077521801, 'coffee mug': 0.06992173194885254, 'thimble': 0.049059346318244934, 'cup': 0.024935487657785416, 'mask': 0.023974120616912842, 'pitcher': 0.01928890310227871, 'safety pin': 0.018466275185346603, 'water jug': 0.016888638958334923}"
35,Mug,../Image/All_Cropped\Mug\12.jpg,"{'07930864-n': 0.17227742075920105, '02948072-n': 0.13590264320373535, '04131690-n': 0.1271074414253235, '03063689-n': 0.09930218011140823, '04522168-n': 0.04597292095422745, '04398044-n': 0.04478615149855614, '03690938-n': 0.04135998710989952, '04560804-n': 0.03043055720627308, '03950228-n': 0.029489247128367424, '07932039-n': 0.02727530524134636}","{'cup': 0.17227742075920105, 'candle': 0.13590264320373535, 'saltshaker': 0.1271074414253235, 'coffeepot': 0.09930218011140823, 'vase': 0.04597292095422745, 'teapot': 0.04478615149855614, 'lotion': 0.04135998710989952, 'water jug': 0.03043055720627308, 'pitcher': 0.029489247128367424, 'eggnog': 0.02727530524134636}"
36,Mug,../Image/All_Cropped\Mug\13.jpg,"{'07930864-n': 0.2579920291900635, '07892512-n': 0.21381071209907532, '03443371-n': 0.15415695309638977, '07920052-n': 0.14648666977882385, '04560804-n': 0.061071135103702545, '03950228-n': 0.026717660948634148, '03063599-n': 0.02433638460934162, '04579145-n': 0.018424034118652344, '02823750-n': 0.018028318881988525, '07932039-n': 0.013192843645811081}","{'cup': 0.2579920291900635, 'red wine': 0.21381071209907532, 'goblet': 0.15415695309638977, 'espresso': 0.14648666977882385, 'water jug': 0.061071135103702545, 'pitcher': 0.026717660948634148, 'coffee mug': 0.02433638460934162, 'whiskey jug': 0.018424034118652344, 'beer glass': 0.018028318881988525, 'eggnog': 0.013192843645811081}"
37,Mug,../Image/All_Cropped\Mug\14.jpg,"{'04254120-n': 0.26683035492897034, '03063689-n': 0.2519093453884125, '03950228-n': 0.1977672278881073, '04560804-n': 0.048530664294958115, '03825788-n': 0.046870552003383636, '03063599-n': 0.03376474231481552, '04557648-n': 0.0204316359013319, '04131690-n': 0.019367506727576256, '02948072-n': 0.019320612773299217, '03887697-n': 0.012564347125589848}","{'soap dispenser': 0.26683035492897034, 'coffeepot': 0.2519093453884125, 'pitcher': 0.1977672278881073, 'water jug': 0.048530664294958115, 'nipple': 0.046870552003383636, 'coffee mug': 0.03376474231481552, 'water bottle': 0.0204316359013319, 'saltshaker': 0.019367506727576256, 'candle': 0.019320612773299217, 'paper towel': 0.012564347125589848}"
38,Mug,../Image/All_Cropped\Mug\15.jpg,"{'03733805-n': 0.2909884750843048, '03063599-n': 0.2885681986808777, '02948072-n': 0.18922634422779083, '03950228-n': 0.05335399508476257, '07930864-n': 0.04440123587846756, '04560804-n': 0.03844762220978737, '03843555-n': 0.03663334622979164, '04579145-n': 0.013151844963431358, '03991062-n': 0.007630906067788601, '03764736-n': 0.006264059338718653}","{'measuring cup': 0.2909884750843048, 'coffee mug': 0.2885681986808777, 'candle': 0.18922634422779083, 'pitcher': 0.05335399508476257, 'cup': 0.04440123587846756, 'water jug': 0.03844762220978737, 'oil filter': 0.03663334622979164, 'whiskey jug': 0.013151844963431358, 'pot': 0.007630906067788601, 'milk can': 0.006264059338718653}"
39,Mug,../Image/All_Cropped\Mug\16.jpg,"{'03063689-n': 0.25280919671058655, '03063599-n': 0.18113505840301514, '04398044-n': 0.1138799637556076, '03950228-n': 0.10958195477724075, '03733805-n': 0.09588950127363205, '07930864-n': 0.0700036883354187, '04579145-n': 0.0450572595000267, '15075141-n': 0.018835648894309998, '03297495-n': 0.018292125314474106, '04254120-n': 0.012393854558467865}","{'coffeepot': 0.25280919671058655, 'coffee mug': 0.18113505840301514, 'teapot': 0.1138799637556076, 'pitcher': 0.10958195477724075, 'measuring cup': 0.09588950127363205, 'cup': 0.0700036883354187, 'whiskey jug': 0.0450572595000267, 'toilet tissue': 0.018835648894309998, 'espresso maker': 0.018292125314474106, 'soap dispenser': 0.012393854558467865}"
40,Mug,../Image/All_Cropped\Mug\2.jpeg,"{'03063599-n': 0.18350361287593842, '02747177-n': 0.10404494404792786, '03908714-n': 0.08788014948368073, '03887697-n': 0.08369643241167068, '07930864-n': 0.06613151729106903, '04560804-n': 0.060460057109594345, '04131690-n': 0.04849228635430336, '04254120-n': 0.04524143785238266, '04557648-n': 0.04372010380029678, '03950228-n': 0.030699098482728004}","{'coffee mug': 0.18350361287593842, 'ashcan': 0.10404494404792786, 'pencil sharpener': 0.08788014948368073, 'paper towel': 0.08369643241167068, 'cup': 0.06613151729106903, 'water jug': 0.060460057109594345, 'saltshaker': 0.04849228635430336, 'soap dispenser': 0.04524143785238266, 'water bottle': 0.04372010380029678, 'pitcher': 0.030699098482728004}"
41,Mug,../Image/All_Cropped\Mug\3.jpg,"{'07930864-n': 0.16068826615810394, '07920052-n': 0.1525011956691742, '07836838-n': 0.10605279356241226, '02909870-n': 0.09897706657648087, '03133878-n': 0.07299328595399857, '03733805-n': 0.047717977315187454, '04553703-n': 0.04135515168309212, '07892512-n': 0.035333890467882156, '04263257-n': 0.034019406884908676, '03443371-n': 0.02816835232079029}","{'cup': 0.16068826615810394, 'espresso': 0.1525011956691742, 'chocolate sauce': 0.10605279356241226, 'bucket': 0.09897706657648087, 'Crock Pot': 0.07299328595399857, 'measuring cup': 0.047717977315187454, 'washbasin': 0.04135515168309212, 'red wine': 0.035333890467882156, 'soup bowl': 0.034019406884908676, 'goblet': 0.02816835232079029}"
42,Mug,../Image/All_Cropped\Mug\4.jpg,"{'04099969-n': 0.13960300385951996, '01930112-n': 0.12915168702602386, '04447861-n': 0.09543951600790024, '03532672-n': 0.05179256200790405, '03527444-n': 0.042382583022117615, '03803284-n': 0.04188249632716179, '04141327-n': 0.030659720301628113, '04355933-n': 0.030610987916588783, '02802426-n': 0.030603544786572456, '02910353-n': 0.02302679792046547}","{'rocking chair': 0.13960300385951996, 'nematode': 0.12915168702602386, 'toilet seat': 0.09543951600790024, 'hook': 0.05179256200790405, 'holster': 0.042382583022117615, 'muzzle': 0.04188249632716179, 'scabbard': 0.030659720301628113, 'sunglass': 0.030610987916588783, 'basketball': 0.030603544786572456, 'buckle': 0.02302679792046547}"
43,Mug,../Image/All_Cropped\Mug\5.jpg,"{'07930864-n': 0.3147565722465515, '07932039-n': 0.1725044548511505, '04560804-n': 0.1361107975244522, '03063599-n': 0.12768672406673431, '07920052-n': 0.08157521486282349, '03950228-n': 0.038989219814538956, '04522168-n': 0.012927768751978874, '03063689-n': 0.012262841686606407, '02823750-n': 0.010867156088352203, '03443371-n': 0.010795571841299534}","{'cup': 0.3147565722465515, 'eggnog': 0.1725044548511505, 'water jug': 0.1361107975244522, 'coffee mug': 0.12768672406673431, 'espresso': 0.08157521486282349, 'pitcher': 0.038989219814538956, 'vase': 0.012927768751978874, 'coffeepot': 0.012262841686606407, 'beer glass': 0.010867156088352203, 'goblet': 0.010795571841299534}"
44,Mug,../Image/All_Cropped\Mug\6.jpg,"{'03063599-n': 0.2965938448905945, '07930864-n': 0.2858414947986603, '03950228-n': 0.06453567743301392, '04579145-n': 0.0594339445233345, '02815834-n': 0.04258889704942703, '03916031-n': 0.024743547663092613, '02823750-n': 0.024456512182950974, '03843555-n': 0.024316806346178055, '03733805-n': 0.020782988518476486, '02909870-n': 0.015859460458159447}","{'coffee mug': 0.2965938448905945, 'cup': 0.2858414947986603, 'pitcher': 0.06453567743301392, 'whiskey jug': 0.0594339445233345, 'beaker': 0.04258889704942703, 'perfume': 0.024743547663092613, 'beer glass': 0.024456512182950974, 'oil filter': 0.024316806346178055, 'measuring cup': 0.020782988518476486, 'bucket': 0.015859460458159447}"
45,Mug,../Image/All_Cropped\Mug\7.jpg,"{'04579145-n': 0.4314427971839905, '07920052-n': 0.3451400697231293, '03063599-n': 0.17391745746135712, '07930864-n': 0.025620555505156517, '07584110-n': 0.006736184470355511, '04560804-n': 0.00613520247861743, '07932039-n': 0.00578348757699132, '03786901-n': 0.0015469231875613332, '03950228-n': 0.0008207581122405827, '04398044-n': 0.0007102080271579325}","{'whiskey jug': 0.4314427971839905, 'espresso': 0.3451400697231293, 'coffee mug': 0.17391745746135712, 'cup': 0.025620555505156517, 'consomme': 0.006736184470355511, 'water jug': 0.00613520247861743, 'eggnog': 0.00578348757699132, 'mortar': 0.0015469231875613332, 'pitcher': 0.0008207581122405827, 'teapot': 0.0007102080271579325}"
46,Mug,../Image/All_Cropped\Mug\8.jpg,"{'07930864-n': 0.35090500116348267, '03950228-n': 0.15042661130428314, '04560804-n': 0.13022536039352417, '03063599-n': 0.12525273859500885, '03733805-n': 0.06842710077762604, '03063689-n': 0.04832470789551735, '02815834-n': 0.030988363549113274, '04579145-n': 0.025557223707437515, '04522168-n': 0.0211171992123127, '07932039-n': 0.015747301280498505}","{'cup': 0.35090500116348267, 'pitcher': 0.15042661130428314, 'water jug': 0.13022536039352417, 'coffee mug': 0.12525273859500885, 'measuring cup': 0.06842710077762604, 'coffeepot': 0.04832470789551735, 'beaker': 0.030988363549113274, 'whiskey jug': 0.025557223707437515, 'vase': 0.0211171992123127, 'eggnog': 0.015747301280498505}"
47,Mug,../Image/All_Cropped\Mug\9.jpeg,"{'07930864-n': 0.4053630530834198, '03733805-n': 0.16533353924751282, '03950228-n': 0.08600104600191116, '04553703-n': 0.06968722492456436, '03063599-n': 0.06655692309141159, '04560804-n': 0.037914130836725235, '03633091-n': 0.03231917321681976, '04447861-n': 0.028033310547471046, '02883205-n': 0.011905422434210777, '04493381-n': 0.010961233638226986}","{'cup': 0.4053630530834198, 'measuring cup': 0.16533353924751282, 'pitcher': 0.08600104600191116, 'washbasin': 0.06968722492456436, 'coffee mug': 0.06655692309141159, 'water jug': 0.037914130836725235, 'ladle': 0.03231917321681976, 'toilet seat': 0.028033310547471046, 'bow tie': 0.011905422434210777, 'tub': 0.010961233638226986}"
48,Banana,../Image/All_Cropped\Banana\1.jpg,"{'07753592-n': 0.9970380067825317, '07754684-n': 0.0011611977824941278, '07716358-n': 0.0005783594097010791, '07716906-n': 0.00042456688242964447, '07717410-n': 0.0003456144477240741, '03065424-n': 0.00017304379434790462, '07718472-n': 4.862669811700471e-05, '01914609-n': 4.789751983480528e-05, '03461385-n': 3.728747469722293e-05, '07749582-n': 2.3420070647262037e-05}","{'banana': 0.9970380067825317, 'jackfruit': 0.0011611977824941278, 'zucchini': 0.0005783594097010791, 'spaghetti squash': 0.00042456688242964447, 'acorn squash': 0.0003456144477240741, 'coil': 0.00017304379434790462, 'cucumber': 4.862669811700471e-05, 'sea anemone': 4.789751983480528e-05, 'grocery store': 3.728747469722293e-05, 'lemon': 2.3420070647262037e-05}"
49,Banana,../Image/All_Cropped\Banana\10.jpg,"{'07753592-n': 0.4119602143764496, '03633091-n': 0.26018601655960083, '03532672-n': 0.05346162989735603, '07718472-n': 0.05141962692141533, '03786901-n': 0.04987902566790581, '07716358-n': 0.03166520968079567, '07742313-n': 0.031080156564712524, '07753113-n': 0.005500526633113623, '07749582-n': 0.0054919724352657795, '07720875-n': 0.00511237233877182}","{'banana': 0.4119602143764496, 'ladle': 0.26018601655960083, 'hook': 0.05346162989735603, 'cucumber': 0.05141962692141533, 'mortar': 0.04987902566790581, 'zucchini': 0.03166520968079567, 'Granny Smith': 0.031080156564712524, 'fig': 0.005500526633113623, 'lemon': 0.0054919724352657795, 'bell pepper': 0.00511237233877182}"
50,Banana,../Image/All_Cropped\Banana\11.jpg,"{'03633091-n': 0.41679078340530396, '03532672-n': 0.16344425082206726, '03970156-n': 0.0584992952644825, '07753113-n': 0.05707580968737602, '07768694-n': 0.053964339196681976, '04560804-n': 0.047265779227018356, '03950228-n': 0.025943363085389137, '04522168-n': 0.02098746784031391, '04579145-n': 0.013039333745837212, '01833805-n': 0.012323067523539066}","{'ladle': 0.41679078340530396, 'hook': 0.16344425082206726, 'plunger': 0.0584992952644825, 'fig': 0.05707580968737602, 'pomegranate': 0.053964339196681976, 'water jug': 0.047265779227018356, 'pitcher': 0.025943363085389137, 'vase': 0.02098746784031391, 'whiskey jug': 0.013039333745837212, 'hummingbird': 0.012323067523539066}"
51,Banana,../Image/All_Cropped\Banana\12.jpg,"{'03954731-n': 0.31816366314888, '04372370-n': 0.12551729381084442, '03532672-n': 0.10540806502103806, '03041632-n': 0.05933525040745735, '03498962-n': 0.05413077771663666, '03794056-n': 0.05139241740107536, '04579432-n': 0.044970929622650146, '03995372-n': 0.03857823833823204, '03908714-n': 0.02851882204413414, '03874599-n': 0.01847861148416996}","{'plane': 0.31816366314888, 'switch': 0.12551729381084442, 'hook': 0.10540806502103806, 'cleaver': 0.05933525040745735, 'hatchet': 0.05413077771663666, 'mousetrap': 0.05139241740107536, 'whistle': 0.044970929622650146, 'power drill': 0.03857823833823204, 'pencil sharpener': 0.02851882204413414, 'padlock': 0.01847861148416996}"
52,Banana,../Image/All_Cropped\Banana\13.jpg,"{'07753592-n': 0.3301239311695099, '03840681-n': 0.21088293194770813, '04235860-n': 0.056702543050050735, '03532672-n': 0.020439952611923218, '03109150-n': 0.019806934520602226, '03047690-n': 0.018361007794737816, '02692877-n': 0.017040133476257324, '04133789-n': 0.014912816695868969, '02951585-n': 0.0131381182000041, '03873416-n': 0.01248831208795309}","{'banana': 0.3301239311695099, 'ocarina': 0.21088293194770813, 'sleeping bag': 0.056702543050050735, 'hook': 0.020439952611923218, 'corkscrew': 0.019806934520602226, 'clog': 0.018361007794737816, 'airship': 0.017040133476257324, 'sandal': 0.014912816695868969, 'can opener': 0.0131381182000041, 'paddle': 0.01248831208795309}"
53,Banana,../Image/All_Cropped\Banana\14.jpg,"{'07753592-n': 0.8002849221229553, '03424325-n': 0.030186137184500694, '04447861-n': 0.024257855489850044, '03786901-n': 0.011213419027626514, '04099969-n': 0.010992872528731823, '02951585-n': 0.010737312026321888, '03724870-n': 0.0076333279721438885, '04579432-n': 0.007254303433001041, '03532672-n': 0.00716338399797678, '02909870-n': 0.005855031777173281}","{'banana': 0.8002849221229553, 'gasmask': 0.030186137184500694, 'toilet seat': 0.024257855489850044, 'mortar': 0.011213419027626514, 'rocking chair': 0.010992872528731823, 'can opener': 0.010737312026321888, 'mask': 0.0076333279721438885, 'whistle': 0.007254303433001041, 'hook': 0.00716338399797678, 'bucket': 0.005855031777173281}"
54,Banana,../Image/All_Cropped\Banana\15.jpg,"{'01945685-n': 0.5502214431762695, '03532672-n': 0.20427098870277405, '03633091-n': 0.0967637300491333, '01748264-n': 0.016007477417588234, '01728572-n': 0.011476395651698112, '01930112-n': 0.01028595119714737, '04133789-n': 0.00884222611784935, '03680355-n': 0.007166617084294558, '03950228-n': 0.005072025116533041, '01728920-n': 0.0049645728431642056}","{'slug': 0.5502214431762695, 'hook': 0.20427098870277405, 'ladle': 0.0967637300491333, 'Indian cobra': 0.016007477417588234, 'thunder snake': 0.011476395651698112, 'nematode': 0.01028595119714737, 'sandal': 0.00884222611784935, 'Loafer': 0.007166617084294558, 'pitcher': 0.005072025116533041, 'ringneck snake': 0.0049645728431642056}"
55,Banana,../Image/All_Cropped\Banana\16.jpg,"{'07753592-n': 0.3995171785354614, '03825788-n': 0.06611944735050201, '04579432-n': 0.03924298286437988, '02834397-n': 0.02860921248793602, '02951585-n': 0.027801522985100746, '01770393-n': 0.02292194589972496, '03950228-n': 0.020009338855743408, '03720891-n': 0.019701208919286728, '03868863-n': 0.019454048946499825, '04332243-n': 0.017200585454702377}","{'banana': 0.3995171785354614, 'nipple': 0.06611944735050201, 'whistle': 0.03924298286437988, 'bib': 0.02860921248793602, 'can opener': 0.027801522985100746, 'scorpion': 0.02292194589972496, 'pitcher': 0.020009338855743408, 'maraca': 0.019701208919286728, 'oxygen mask': 0.019454048946499825, 'strainer': 0.017200585454702377}"
56,Banana,../Image/All_Cropped\Banana\2.jpg,"{'01770393-n': 0.17672064900398254, '03476684-n': 0.11707119643688202, '04579432-n': 0.11069732159376144, '04328186-n': 0.07231646031141281, '03814906-n': 0.053968243300914764, '03937543-n': 0.047702446579933167, '07753592-n': 0.044596411287784576, '03532672-n': 0.030129171907901764, '03720891-n': 0.026102740317583084, '04153751-n': 0.020227132365107536}","{'scorpion': 0.17672064900398254, 'hair slide': 0.11707119643688202, 'whistle': 0.11069732159376144, 'stopwatch': 0.07231646031141281, 'necklace': 0.053968243300914764, 'pill bottle': 0.047702446579933167, 'banana': 0.044596411287784576, 'hook': 0.030129171907901764, 'maraca': 0.026102740317583084, 'screw': 0.020227132365107536}"
57,Banana,../Image/All_Cropped\Banana\3.jpg,"{'04328186-n': 0.24677370488643646, '07753592-n': 0.06273336708545685, '04579432-n': 0.05886788293719292, '03532672-n': 0.050633203238248825, '07749582-n': 0.04233767092227936, '03196217-n': 0.03498036414384842, '03692522-n': 0.03447432070970535, '03929660-n': 0.028613517060875893, '04116512-n': 0.026883091777563095, '02999410-n': 0.02587280049920082}","{'stopwatch': 0.24677370488643646, 'banana': 0.06273336708545685, 'whistle': 0.05886788293719292, 'hook': 0.050633203238248825, 'lemon': 0.04233767092227936, 'digital clock': 0.03498036414384842, 'loupe': 0.03447432070970535, 'pick': 0.028613517060875893, 'rubber eraser': 0.026883091777563095, 'chain': 0.02587280049920082}"
58,Banana,../Image/All_Cropped\Banana\4.jpg,"{'07753592-n': 0.5966789722442627, '07718747-n': 0.09049586951732635, '07718472-n': 0.06611121445894241, '04204238-n': 0.04668722301721573, '04131690-n': 0.013676416128873825, '03065424-n': 0.010449145920574665, '04409515-n': 0.009330598637461662, '01739381-n': 0.008829939179122448, '07720875-n': 0.006813202053308487, '03443371-n': 0.006700655445456505}","{'banana': 0.5966789722442627, 'artichoke': 0.09049586951732635, 'cucumber': 0.06611121445894241, 'shopping basket': 0.04668722301721573, 'saltshaker': 0.013676416128873825, 'coil': 0.010449145920574665, 'tennis ball': 0.009330598637461662, 'vine snake': 0.008829939179122448, 'bell pepper': 0.006813202053308487, 'goblet': 0.006700655445456505}"
59,Banana,../Image/All_Cropped\Banana\5.jpg,"{'07753592-n': 0.9018028378486633, '07718472-n': 0.024094950407743454, '04409515-n': 0.009015302173793316, '03065424-n': 0.006244627758860588, '07718747-n': 0.0055152918212115765, '04026417-n': 0.004781638737767935, '07747607-n': 0.004513425752520561, '07720875-n': 0.003981789108365774, '04579432-n': 0.0030608470551669598, '07716358-n': 0.0030441749840974808}","{'banana': 0.9018028378486633, 'cucumber': 0.024094950407743454, 'tennis ball': 0.009015302173793316, 'coil': 0.006244627758860588, 'artichoke': 0.0055152918212115765, 'purse': 0.004781638737767935, 'orange': 0.004513425752520561, 'bell pepper': 0.003981789108365774, 'whistle': 0.0030608470551669598, 'zucchini': 0.0030441749840974808}"
60,Banana,../Image/All_Cropped\Banana\6.jpg,"{'07753592-n': 0.9413495659828186, '07716906-n': 0.00696897367015481, '03825788-n': 0.003994989674538374, '07753275-n': 0.003941189497709274, '03786901-n': 0.003559868549928069, '07717410-n': 0.003203177358955145, '03633091-n': 0.002444238867610693, '04131690-n': 0.0022826828062534332, '04328186-n': 0.0017785318195819855, '03045698-n': 0.001542652607895434}","{'banana': 0.9413495659828186, 'spaghetti squash': 0.00696897367015481, 'nipple': 0.003994989674538374, 'pineapple': 0.003941189497709274, 'mortar': 0.003559868549928069, 'acorn squash': 0.003203177358955145, 'ladle': 0.002444238867610693, 'saltshaker': 0.0022826828062534332, 'stopwatch': 0.0017785318195819855, 'cloak': 0.001542652607895434}"
61,Banana,../Image/All_Cropped\Banana\7.jpg,"{'07753592-n': 0.9999932050704956, '07716358-n': 1.868735353127704e-06, '04204238-n': 8.181967245945998e-07, '04131690-n': 3.870044054110622e-07, '07753275-n': 2.5474724907326163e-07, '03992509-n': 2.5046645646398247e-07, '04200800-n': 2.2611558847529523e-07, '02808440-n': 1.8961416969887068e-07, '03584829-n': 1.862324410240035e-07, '12144580-n': 1.6721459417112783e-07}","{'banana': 0.9999932050704956, 'zucchini': 1.868735353127704e-06, 'shopping basket': 8.181967245945998e-07, 'saltshaker': 3.870044054110622e-07, 'pineapple': 2.5474724907326163e-07, ""potter's wheel"": 2.5046645646398247e-07, 'shoe shop': 2.2611558847529523e-07, 'bathtub': 1.8961416969887068e-07, 'iron': 1.862324410240035e-07, 'corn': 1.6721459417112783e-07}"
62,Banana,../Image/All_Cropped\Banana\8.jpg,"{'07753592-n': 0.9691206812858582, '03680355-n': 0.009964939206838608, '03047690-n': 0.009711801074445248, '03786901-n': 0.004840861540287733, '04133789-n': 0.0023195012472569942, '01753488-n': 0.0004925389657728374, '13133613-n': 0.0003986139199696481, '12144580-n': 0.00039225173532031476, '03935335-n': 0.0003067000361625105, '03109150-n': 0.00024887092877179384}","{'banana': 0.9691206812858582, 'Loafer': 0.009964939206838608, 'clog': 0.009711801074445248, 'mortar': 0.004840861540287733, 'sandal': 0.0023195012472569942, 'horned viper': 0.0004925389657728374, 'ear': 0.0003986139199696481, 'corn': 0.00039225173532031476, 'piggy bank': 0.0003067000361625105, 'corkscrew': 0.00024887092877179384}"
63,Banana,../Image/All_Cropped\Banana\9.jpg,"{'07753592-n': 0.5536748766899109, '04579432-n': 0.04222865030169487, '04133789-n': 0.03108704462647438, '04099969-n': 0.02995622344315052, '03532672-n': 0.028403231874108315, '04560804-n': 0.025167997926473618, '02834397-n': 0.015983296558260918, '03876231-n': 0.014766373671591282, '04317175-n': 0.013192609883844852, '02999410-n': 0.011297918856143951}","{'banana': 0.5536748766899109, 'whistle': 0.04222865030169487, 'sandal': 0.03108704462647438, 'rocking chair': 0.02995622344315052, 'hook': 0.028403231874108315, 'water jug': 0.025167997926473618, 'bib': 0.015983296558260918, 'paintbrush': 0.014766373671591282, 'stethoscope': 0.013192609883844852, 'chain': 0.011297918856143951}"
64,Car,../Image/All_Cropped\Car\1.jpg,"{'04252225-n': 0.1618155688047409, '02814533-n': 0.1501375436782837, '03670208-n': 0.11386331170797348, '04461696-n': 0.1009288802742958, '03977966-n': 0.09850834310054779, '02704792-n': 0.07629461586475372, '03594945-n': 0.0727277547121048, '03930630-n': 0.0710790753364563, '02701002-n': 0.03649831935763359, '03770679-n': 0.024316484108567238}","{'snowplow': 0.1618155688047409, 'beach wagon': 0.1501375436782837, 'limousine': 0.11386331170797348, 'tow truck': 0.1009288802742958, 'police van': 0.09850834310054779, 'amphibian': 0.07629461586475372, 'jeep': 0.0727277547121048, 'pickup': 0.0710790753364563, 'ambulance': 0.03649831935763359, 'minivan': 0.024316484108567238}"
65,Car,../Image/All_Cropped\Car\10.jpg,"{'03770679-n': 0.37142878770828247, '03100240-n': 0.1472797840833664, '04285008-n': 0.09611833095550537, '04037443-n': 0.066325344145298, '03930630-n': 0.06403887271881104, '02814533-n': 0.062334176152944565, '03977966-n': 0.059589892625808716, '02974003-n': 0.04781825467944145, '03670208-n': 0.018318507820367813, '03459775-n': 0.012411365285515785}","{'minivan': 0.37142878770828247, 'convertible': 0.1472797840833664, 'sports car': 0.09611833095550537, 'racer': 0.066325344145298, 'pickup': 0.06403887271881104, 'beach wagon': 0.062334176152944565, 'police van': 0.059589892625808716, 'car wheel': 0.04781825467944145, 'limousine': 0.018318507820367813, 'grille': 0.012411365285515785}"
66,Car,../Image/All_Cropped\Car\11.jpg,"{'03100240-n': 0.47680404782295227, '04285008-n': 0.12297125905752182, '02814533-n': 0.10652398318052292, '04037443-n': 0.07537376135587692, '03770679-n': 0.055945005267858505, '03459775-n': 0.04973285272717476, '03977966-n': 0.026653889566659927, '02974003-n': 0.02647637203335762, '03670208-n': 0.01924922503530979, '03930630-n': 0.01669071614742279}","{'convertible': 0.47680404782295227, 'sports car': 0.12297125905752182, 'beach wagon': 0.10652398318052292, 'racer': 0.07537376135587692, 'minivan': 0.055945005267858505, 'grille': 0.04973285272717476, 'police van': 0.026653889566659927, 'car wheel': 0.02647637203335762, 'limousine': 0.01924922503530979, 'pickup': 0.01669071614742279}"
67,Car,../Image/All_Cropped\Car\12.jpg,"{'02814533-n': 0.23899729549884796, '03770679-n': 0.19626374542713165, '03100240-n': 0.15054622292518616, '03930630-n': 0.12503761053085327, '04285008-n': 0.0763610303401947, '03594945-n': 0.06657685339450836, '04037443-n': 0.05597662553191185, '03459775-n': 0.033354923129081726, '02974003-n': 0.027575252577662468, '03670208-n': 0.013837479054927826}","{'beach wagon': 0.23899729549884796, 'minivan': 0.19626374542713165, 'convertible': 0.15054622292518616, 'pickup': 0.12503761053085327, 'sports car': 0.0763610303401947, 'jeep': 0.06657685339450836, 'racer': 0.05597662553191185, 'grille': 0.033354923129081726, 'car wheel': 0.027575252577662468, 'limousine': 0.013837479054927826}"
68,Car,../Image/All_Cropped\Car\13.jpg,"{'04552348-n': 0.43953803181648254, '02690373-n': 0.19047985970973969, '03100240-n': 0.10132461786270142, '04285008-n': 0.09758614748716354, '04592741-n': 0.061344586312770844, '04037443-n': 0.043278325349092484, '04008634-n': 0.008856660686433315, '02814533-n': 0.008053161203861237, '02704792-n': 0.007992960512638092, '03773504-n': 0.0063631488010287285}","{'warplane': 0.43953803181648254, 'airliner': 0.19047985970973969, 'convertible': 0.10132461786270142, 'sports car': 0.09758614748716354, 'wing': 0.061344586312770844, 'racer': 0.043278325349092484, 'projectile': 0.008856660686433315, 'beach wagon': 0.008053161203861237, 'amphibian': 0.007992960512638092, 'missile': 0.0063631488010287285}"
69,Car,../Image/All_Cropped\Car\14.jpg,"{'03770679-n': 0.28461697697639465, '02814533-n': 0.22503915429115295, '03930630-n': 0.10733514279127121, '03594945-n': 0.08027676492929459, '03670208-n': 0.06820645928382874, '03977966-n': 0.06512776017189026, '02930766-n': 0.05267476290464401, '04461696-n': 0.032130200415849686, '02974003-n': 0.016111629083752632, '03769881-n': 0.014589901082217693}","{'minivan': 0.28461697697639465, 'beach wagon': 0.22503915429115295, 'pickup': 0.10733514279127121, 'jeep': 0.08027676492929459, 'limousine': 0.06820645928382874, 'police van': 0.06512776017189026, 'cab': 0.05267476290464401, 'tow truck': 0.032130200415849686, 'car wheel': 0.016111629083752632, 'minibus': 0.014589901082217693}"
70,Car,../Image/All_Cropped\Car\15.jpg,"{'04285008-n': 0.42560529708862305, '04037443-n': 0.20709770917892456, '03100240-n': 0.11425378918647766, '03670208-n': 0.07299359887838364, '02814533-n': 0.06388333439826965, '03770679-n': 0.03212972730398178, '03930630-n': 0.016522664576768875, '04461696-n': 0.012199186719954014, '02930766-n': 0.009847437031567097, '03791053-n': 0.007720715366303921}","{'sports car': 0.42560529708862305, 'racer': 0.20709770917892456, 'convertible': 0.11425378918647766, 'limousine': 0.07299359887838364, 'beach wagon': 0.06388333439826965, 'minivan': 0.03212972730398178, 'pickup': 0.016522664576768875, 'tow truck': 0.012199186719954014, 'cab': 0.009847437031567097, 'motor scooter': 0.007720715366303921}"
71,Car,../Image/All_Cropped\Car\16.jpg,"{'03100240-n': 0.36081627011299133, '04285008-n': 0.2770801782608032, '02965783-n': 0.1753273606300354, '04037443-n': 0.025503838434815407, '03444034-n': 0.02426985278725624, '03770679-n': 0.01701676845550537, '04258138-n': 0.015280318446457386, '03792972-n': 0.011641139164566994, '02974003-n': 0.010147037915885448, '04162706-n': 0.009236807934939861}","{'convertible': 0.36081627011299133, 'sports car': 0.2770801782608032, 'car mirror': 0.1753273606300354, 'racer': 0.025503838434815407, 'go-kart': 0.02426985278725624, 'minivan': 0.01701676845550537, 'solar dish': 0.015280318446457386, 'mountain tent': 0.011641139164566994, 'car wheel': 0.010147037915885448, 'seat belt': 0.009236807934939861}"
72,Car,../Image/All_Cropped\Car\2.jpg,"{'04285008-n': 0.5405400395393372, '02814533-n': 0.1502222716808319, '04037443-n': 0.12471334636211395, '03770679-n': 0.07276289910078049, '02974003-n': 0.03412843495607376, '03670208-n': 0.017316771671175957, '03100240-n': 0.01723942719399929, '03895866-n': 0.012017969973385334, '03930630-n': 0.011484360322356224, '03459775-n': 0.00437373761087656}","{'sports car': 0.5405400395393372, 'beach wagon': 0.1502222716808319, 'racer': 0.12471334636211395, 'minivan': 0.07276289910078049, 'car wheel': 0.03412843495607376, 'limousine': 0.017316771671175957, 'convertible': 0.01723942719399929, 'passenger car': 0.012017969973385334, 'pickup': 0.011484360322356224, 'grille': 0.00437373761087656}"
73,Car,../Image/All_Cropped\Car\3.jpg,"{'04285008-n': 0.8067786693572998, '04037443-n': 0.06992532312870026, '03895866-n': 0.04527817294001579, '03977966-n': 0.017231740057468414, '03100240-n': 0.016768958419561386, '03670208-n': 0.01281882356852293, '03769881-n': 0.006875426508486271, '03770679-n': 0.005291336681693792, '02814533-n': 0.005135572515428066, '02974003-n': 0.004316822625696659}","{'sports car': 0.8067786693572998, 'racer': 0.06992532312870026, 'passenger car': 0.04527817294001579, 'police van': 0.017231740057468414, 'convertible': 0.016768958419561386, 'limousine': 0.01281882356852293, 'minibus': 0.006875426508486271, 'minivan': 0.005291336681693792, 'beach wagon': 0.005135572515428066, 'car wheel': 0.004316822625696659}"
74,Car,../Image/All_Cropped\Car\4.jpg,"{'04285008-n': 0.22232215106487274, '04037443-n': 0.21790461242198944, '03100240-n': 0.12625442445278168, '03977966-n': 0.08584002405405045, '02701002-n': 0.07663898915052414, '03594945-n': 0.07209330052137375, '02974003-n': 0.03915904834866524, '02814533-n': 0.0285349041223526, '03930630-n': 0.026328779757022858, '03459775-n': 0.01919757016003132}","{'sports car': 0.22232215106487274, 'racer': 0.21790461242198944, 'convertible': 0.12625442445278168, 'police van': 0.08584002405405045, 'ambulance': 0.07663898915052414, 'jeep': 0.07209330052137375, 'car wheel': 0.03915904834866524, 'beach wagon': 0.0285349041223526, 'pickup': 0.026328779757022858, 'grille': 0.01919757016003132}"
75,Car,../Image/All_Cropped\Car\5.jpg,"{'03599486-n': 0.6253398656845093, '02814533-n': 0.047937165945768356, '03770679-n': 0.04422095790505409, '03930630-n': 0.0369708314538002, '03791053-n': 0.03201231360435486, '03538406-n': 0.02351369895040989, '03977966-n': 0.023398317396640778, '03785016-n': 0.014267411082983017, '03777568-n': 0.01275582518428564, '04336792-n': 0.011228466406464577}","{'jinrikisha': 0.6253398656845093, 'beach wagon': 0.047937165945768356, 'minivan': 0.04422095790505409, 'pickup': 0.0369708314538002, 'motor scooter': 0.03201231360435486, 'horse cart': 0.02351369895040989, 'police van': 0.023398317396640778, 'moped': 0.014267411082983017, 'Model T': 0.01275582518428564, 'stretcher': 0.011228466406464577}"
76,Car,../Image/All_Cropped\Car\6.jpg,"{'04285008-n': 0.5511010885238647, '04037443-n': 0.3459286093711853, '03100240-n': 0.018524939194321632, '02814533-n': 0.01818396896123886, '03977966-n': 0.014940259978175163, '03930630-n': 0.008045151829719543, '03895866-n': 0.007958880625665188, '03670208-n': 0.006405034102499485, '02974003-n': 0.006228799000382423, '02704792-n': 0.003041055053472519}","{'sports car': 0.5511010885238647, 'racer': 0.3459286093711853, 'convertible': 0.018524939194321632, 'beach wagon': 0.01818396896123886, 'police van': 0.014940259978175163, 'pickup': 0.008045151829719543, 'passenger car': 0.007958880625665188, 'limousine': 0.006405034102499485, 'car wheel': 0.006228799000382423, 'amphibian': 0.003041055053472519}"
77,Car,../Image/All_Cropped\Car\7.jpg,"{'04336792-n': 0.4252229630947113, '03100240-n': 0.1378452479839325, '02814533-n': 0.10912851989269257, '04536866-n': 0.1080329567193985, '03662601-n': 0.04428056627511978, '04285008-n': 0.03048834763467312, '02974003-n': 0.027434658259153366, '03496892-n': 0.016297679394483566, '02992211-n': 0.013827466405928135, '04428191-n': 0.012934594415128231}","{'stretcher': 0.4252229630947113, 'convertible': 0.1378452479839325, 'beach wagon': 0.10912851989269257, 'violin': 0.1080329567193985, 'lifeboat': 0.04428056627511978, 'sports car': 0.03048834763467312, 'car wheel': 0.027434658259153366, 'harvester': 0.016297679394483566, 'cello': 0.013827466405928135, 'thresher': 0.012934594415128231}"
78,Car,../Image/All_Cropped\Car\8.jpg,"{'03100240-n': 0.3664097487926483, '04285008-n': 0.22563432157039642, '02814533-n': 0.10480709373950958, '03930630-n': 0.0950687825679779, '03459775-n': 0.08168388158082962, '04037443-n': 0.07667192816734314, '02974003-n': 0.02368948794901371, '03670208-n': 0.006545828189700842, '03594945-n': 0.005433056969195604, '02930766-n': 0.005228907335549593}","{'convertible': 0.3664097487926483, 'sports car': 0.22563432157039642, 'beach wagon': 0.10480709373950958, 'pickup': 0.0950687825679779, 'grille': 0.08168388158082962, 'racer': 0.07667192816734314, 'car wheel': 0.02368948794901371, 'limousine': 0.006545828189700842, 'jeep': 0.005433056969195604, 'cab': 0.005228907335549593}"
79,Car,../Image/All_Cropped\Car\9.jpg,"{'03100240-n': 0.41422557830810547, '02814533-n': 0.17509515583515167, '03930630-n': 0.10000216960906982, '04285008-n': 0.0991501584649086, '03770679-n': 0.05659117177128792, '02974003-n': 0.04896530508995056, '03459775-n': 0.04318461939692497, '03670208-n': 0.020056722685694695, '04037443-n': 0.013247407972812653, '02930766-n': 0.010249072685837746}","{'convertible': 0.41422557830810547, 'beach wagon': 0.17509515583515167, 'pickup': 0.10000216960906982, 'sports car': 0.0991501584649086, 'minivan': 0.05659117177128792, 'car wheel': 0.04896530508995056, 'grille': 0.04318461939692497, 'limousine': 0.020056722685694695, 'racer': 0.013247407972812653, 'cab': 0.010249072685837746}"
80,Plane,../Image/All_Cropped\Plane\1.jpg,"{'02690373-n': 0.9514536261558533, '04552348-n': 0.023249348625540733, '04592741-n': 0.02119220606982708, '04266014-n': 0.001801558886654675, '03773504-n': 0.0010375677375122905, '04008634-n': 0.0007386351935565472, '02692877-n': 0.0004034349985886365, '02687172-n': 0.00011650438682409003, '04228054-n': 6.201170776876097e-07, '03888257-n': 4.408857137150335e-07}","{'airliner': 0.9514536261558533, 'warplane': 0.023249348625540733, 'wing': 0.02119220606982708, 'space shuttle': 0.001801558886654675, 'missile': 0.0010375677375122905, 'projectile': 0.0007386351935565472, 'airship': 0.0004034349985886365, 'aircraft carrier': 0.00011650438682409003, 'ski': 6.201170776876097e-07, 'parachute': 4.408857137150335e-07}"
81,Plane,../Image/All_Cropped\Plane\10.jpg,"{'02690373-n': 0.9738107323646545, '04592741-n': 0.01925627514719963, '04266014-n': 0.004568648524582386, '04552348-n': 0.0023509494494646788, '02749479-n': 4.564456503430847e-06, '04008634-n': 3.040827095901477e-06, '02687172-n': 1.8884959445131244e-06, '03773504-n': 1.351429659735004e-06, '04485082-n': 6.129598659754265e-07, '03126707-n': 4.7144368409135495e-07}","{'airliner': 0.9738107323646545, 'wing': 0.01925627514719963, 'space shuttle': 0.004568648524582386, 'warplane': 0.0023509494494646788, 'assault rifle': 4.564456503430847e-06, 'projectile': 3.040827095901477e-06, 'aircraft carrier': 1.8884959445131244e-06, 'missile': 1.351429659735004e-06, 'tripod': 6.129598659754265e-07, 'crane': 4.7144368409135495e-07}"
82,Plane,../Image/All_Cropped\Plane\11.jpg,"{'04251144-n': 0.16256500780582428, '02860847-n': 0.06977199763059616, '02807133-n': 0.06301306933164597, '04252077-n': 0.0521128885447979, '02837789-n': 0.05136602371931076, '04008634-n': 0.03487730026245117, '03868863-n': 0.030238168314099312, '01484850-n': 0.02828408218920231, '02690373-n': 0.028125155717134476, '01491361-n': 0.02755657024681568}","{'snorkel': 0.16256500780582428, 'bobsled': 0.06977199763059616, 'bathing cap': 0.06301306933164597, 'snowmobile': 0.0521128885447979, 'bikini': 0.05136602371931076, 'projectile': 0.03487730026245117, 'oxygen mask': 0.030238168314099312, 'great white shark': 0.02828408218920231, 'airliner': 0.028125155717134476, 'tiger shark': 0.02755657024681568}"
83,Plane,../Image/All_Cropped\Plane\12.jpg,"{'03874293-n': 0.7752302289009094, '03773504-n': 0.0257553867995739, '03967562-n': 0.015494226478040218, '02690373-n': 0.013866608031094074, '03535780-n': 0.011947603896260262, '04208210-n': 0.009626861661672592, '04311004-n': 0.008558185771107674, '03376595-n': 0.008531554602086544, '04592741-n': 0.00834998395293951, '04008634-n': 0.008156953379511833}","{'paddlewheel': 0.7752302289009094, 'missile': 0.0257553867995739, 'plow': 0.015494226478040218, 'airliner': 0.013866608031094074, 'horizontal bar': 0.011947603896260262, 'shovel': 0.009626861661672592, 'steel arch bridge': 0.008558185771107674, 'folding chair': 0.008531554602086544, 'wing': 0.00834998395293951, 'projectile': 0.008156953379511833}"
84,Plane,../Image/All_Cropped\Plane\13.jpg,"{'03982430-n': 0.16566699743270874, '04273569-n': 0.13110600411891937, '04552348-n': 0.10117637366056442, '04285008-n': 0.10086096078157425, '03100240-n': 0.08866526186466217, '04037443-n': 0.07858888804912567, '02704792-n': 0.042497411370277405, '04592741-n': 0.02945355325937271, '04254680-n': 0.01901887357234955, '02814533-n': 0.01873026415705681}","{'pool table': 0.16566699743270874, 'speedboat': 0.13110600411891937, 'warplane': 0.10117637366056442, 'sports car': 0.10086096078157425, 'convertible': 0.08866526186466217, 'racer': 0.07858888804912567, 'amphibian': 0.042497411370277405, 'wing': 0.02945355325937271, 'soccer ball': 0.01901887357234955, 'beach wagon': 0.01873026415705681}"
85,Plane,../Image/All_Cropped\Plane\14.jpg,"{'03933933-n': 0.3836268186569214, '04366367-n': 0.1734762340784073, '03160309-n': 0.10209546238183975, '04311004-n': 0.04394238442182541, '03095699-n': 0.0397551991045475, '02692877-n': 0.031351808458566666, '03000134-n': 0.023387419059872627, '02950826-n': 0.014768658205866814, '03126707-n': 0.0131061477586627, '04604644-n': 0.012768366374075413}","{'pier': 0.3836268186569214, 'suspension bridge': 0.1734762340784073, 'dam': 0.10209546238183975, 'steel arch bridge': 0.04394238442182541, 'container ship': 0.0397551991045475, 'airship': 0.031351808458566666, 'chainlink fence': 0.023387419059872627, 'cannon': 0.014768658205866814, 'crane': 0.0131061477586627, 'worm fence': 0.012768366374075413}"
86,Plane,../Image/All_Cropped\Plane\15.jpg,"{'04273569-n': 0.4547047019004822, '02704792-n': 0.09898591786623001, '04483307-n': 0.09671532362699509, '03873416-n': 0.07885812222957611, '09421951-n': 0.051554061472415924, '02951358-n': 0.05138888210058212, '02981792-n': 0.044899873435497284, '04347754-n': 0.02208324708044529, '09332890-n': 0.020257385447621346, '03216828-n': 0.016463670879602432}","{'speedboat': 0.4547047019004822, 'amphibian': 0.09898591786623001, 'trimaran': 0.09671532362699509, 'paddle': 0.07885812222957611, 'sandbar': 0.051554061472415924, 'canoe': 0.05138888210058212, 'catamaran': 0.044899873435497284, 'submarine': 0.02208324708044529, 'lakeside': 0.020257385447621346, 'dock': 0.016463670879602432}"
87,Plane,../Image/All_Cropped\Plane\16.jpg,"{'04552348-n': 0.1754174828529358, '02687172-n': 0.12566913664340973, '04266014-n': 0.11669843643903732, '03673027-n': 0.11271518468856812, '04008634-n': 0.06994668394327164, '03773504-n': 0.06316956877708435, '04376876-n': 0.06288453936576843, '04483307-n': 0.05663169175386429, '04273569-n': 0.03386428579688072, '02690373-n': 0.024674508720636368}","{'warplane': 0.1754174828529358, 'aircraft carrier': 0.12566913664340973, 'space shuttle': 0.11669843643903732, 'liner': 0.11271518468856812, 'projectile': 0.06994668394327164, 'missile': 0.06316956877708435, 'syringe': 0.06288453936576843, 'trimaran': 0.05663169175386429, 'speedboat': 0.03386428579688072, 'airliner': 0.024674508720636368}"
88,Plane,../Image/All_Cropped\Plane\2.jpg,"{'03662601-n': 0.3422296643257141, '04273569-n': 0.1799226850271225, '04483307-n': 0.043590087443590164, '02981792-n': 0.03973103687167168, '04592741-n': 0.03840990364551544, '02690373-n': 0.028888573870062828, '03216828-n': 0.022021064534783363, '02687172-n': 0.02173139899969101, '04612504-n': 0.020669255405664444, '03947888-n': 0.020021477714180946}","{'lifeboat': 0.3422296643257141, 'speedboat': 0.1799226850271225, 'trimaran': 0.043590087443590164, 'catamaran': 0.03973103687167168, 'wing': 0.03840990364551544, 'airliner': 0.028888573870062828, 'dock': 0.022021064534783363, 'aircraft carrier': 0.02173139899969101, 'yawl': 0.020669255405664444, 'pirate': 0.020021477714180946}"
89,Plane,../Image/All_Cropped\Plane\3.jpg,"{'03461385-n': 0.5254250168800354, '04376876-n': 0.12246330082416534, '04443257-n': 0.026100050657987595, '04200800-n': 0.021447552368044853, '04462240-n': 0.021412134170532227, '03089624-n': 0.013283038511872292, '03983396-n': 0.012198341079056263, '03126707-n': 0.011275608092546463, '03249569-n': 0.009173397906124592, '06596364-n': 0.008788569830358028}","{'grocery store': 0.5254250168800354, 'syringe': 0.12246330082416534, 'tobacco shop': 0.026100050657987595, 'shoe shop': 0.021447552368044853, 'toyshop': 0.021412134170532227, 'confectionery': 0.013283038511872292, 'pop bottle': 0.012198341079056263, 'crane': 0.011275608092546463, 'drum': 0.009173397906124592, 'comic book': 0.008788569830358028}"
90,Plane,../Image/All_Cropped\Plane\4.jpg,"{'04483307-n': 0.4780539572238922, '04266014-n': 0.3477611243724823, '02981792-n': 0.06725391000509262, '04347754-n': 0.0294774379581213, '02690373-n': 0.01821625418961048, '04389033-n': 0.01602078229188919, '02687172-n': 0.004920919891446829, '03773504-n': 0.004577497951686382, '02640242-n': 0.00445455452427268, '04008634-n': 0.003623292548581958}","{'trimaran': 0.4780539572238922, 'space shuttle': 0.3477611243724823, 'catamaran': 0.06725391000509262, 'submarine': 0.0294774379581213, 'airliner': 0.01821625418961048, 'tank': 0.01602078229188919, 'aircraft carrier': 0.004920919891446829, 'missile': 0.004577497951686382, 'sturgeon': 0.00445455452427268, 'projectile': 0.003623292548581958}"
91,Plane,../Image/All_Cropped\Plane\5.jpg,"{'04552348-n': 0.47744089365005493, '02687172-n': 0.32525432109832764, '02690373-n': 0.1406196653842926, '04592741-n': 0.04302757978439331, '04266014-n': 0.011187502183020115, '03773504-n': 0.0007649915642105043, '04008634-n': 0.00040398893179371953, '04389033-n': 0.000152285021613352, '03888257-n': 0.00014224622282199562, '02051845-n': 0.00011699672904796898}","{'warplane': 0.47744089365005493, 'aircraft carrier': 0.32525432109832764, 'airliner': 0.1406196653842926, 'wing': 0.04302757978439331, 'space shuttle': 0.011187502183020115, 'missile': 0.0007649915642105043, 'projectile': 0.00040398893179371953, 'tank': 0.000152285021613352, 'parachute': 0.00014224622282199562, 'pelican': 0.00011699672904796898}"
92,Plane,../Image/All_Cropped\Plane\6.jpg,"{'02690373-n': 0.4221034049987793, '03126707-n': 0.19863785803318024, '04592741-n': 0.1401737779378891, '02687172-n': 0.06316886097192764, '04552348-n': 0.05925925076007843, '06874185-n': 0.02412758395075798, '04606251-n': 0.023802069947123528, '03947888-n': 0.013172308914363384, '02951358-n': 0.006723632570356131, '03216828-n': 0.006511251907795668}","{'airliner': 0.4221034049987793, 'crane': 0.19863785803318024, 'wing': 0.1401737779378891, 'aircraft carrier': 0.06316886097192764, 'warplane': 0.05925925076007843, 'traffic light': 0.02412758395075798, 'wreck': 0.023802069947123528, 'pirate': 0.013172308914363384, 'canoe': 0.006723632570356131, 'dock': 0.006511251907795668}"
93,Plane,../Image/All_Cropped\Plane\7.jpg,"{'04008634-n': 0.2779723107814789, '02690373-n': 0.2676001191139221, '04266014-n': 0.21534676849842072, '03773504-n': 0.08670322597026825, '04552348-n': 0.015022089704871178, '02814860-n': 0.012948739342391491, '02749479-n': 0.009352381341159344, '03837869-n': 0.008368155919015408, '03240683-n': 0.0063735200092196465, '02948072-n': 0.005602984689176083}","{'projectile': 0.2779723107814789, 'airliner': 0.2676001191139221, 'space shuttle': 0.21534676849842072, 'missile': 0.08670322597026825, 'warplane': 0.015022089704871178, 'beacon': 0.012948739342391491, 'assault rifle': 0.009352381341159344, 'obelisk': 0.008368155919015408, 'drilling platform': 0.0063735200092196465, 'candle': 0.005602984689176083}"
94,Plane,../Image/All_Cropped\Plane\8.jpg,"{'03485407-n': 0.0961708202958107, '03706229-n': 0.06221352890133858, '02783161-n': 0.024672720581293106, '04039381-n': 0.02376704104244709, '03908618-n': 0.022273750975728035, '03793489-n': 0.02031068503856659, '04317175-n': 0.02008606679737568, '03840681-n': 0.01979481242597103, '02992529-n': 0.018468786031007767, '03388183-n': 0.014562820084393024}","{'hand-held computer': 0.0961708202958107, 'magnetic compass': 0.06221352890133858, 'ballpoint': 0.024672720581293106, 'racket': 0.02376704104244709, 'pencil box': 0.022273750975728035, 'mouse': 0.02031068503856659, 'stethoscope': 0.02008606679737568, 'ocarina': 0.01979481242597103, 'cellular telephone': 0.018468786031007767, 'fountain pen': 0.014562820084393024}"
95,Plane,../Image/All_Cropped\Plane\9.jpg,"{'02690373-n': 0.9918293356895447, '04592741-n': 0.003600429743528366, '04552348-n': 0.003178428625687957, '04266014-n': 0.0012761071557179093, '03773504-n': 4.866802191827446e-05, '04008634-n': 2.6668867576518096e-05, '03109150-n': 7.389627171505708e-06, '04336792-n': 5.020326170779299e-06, '04228054-n': 2.561809651524527e-06, '03126707-n': 2.474271013852558e-06}","{'airliner': 0.9918293356895447, 'wing': 0.003600429743528366, 'warplane': 0.003178428625687957, 'space shuttle': 0.0012761071557179093, 'missile': 4.866802191827446e-05, 'projectile': 2.6668867576518096e-05, 'corkscrew': 7.389627171505708e-06, 'stretcher': 5.020326170779299e-06, 'ski': 2.561809651524527e-06, 'crane': 2.474271013852558e-06}"
96,Lighthouse,../Image/All_Cropped\Lighthouse\1.jpg,"{'02894605-n': 0.6627957224845886, '02814860-n': 0.33648616075515747, '03095699-n': 0.0003492888936307281, '03673027-n': 0.00032391122658737004, '03216828-n': 1.335101478616707e-05, '03240683-n': 7.959007234603632e-06, '04008634-n': 4.199985596642364e-06, '02825657-n': 3.6404669572220882e-06, '03773504-n': 3.5247956020612037e-06, '02687172-n': 3.3570706818863982e-06}","{'breakwater': 0.6627957224845886, 'beacon': 0.33648616075515747, 'container ship': 0.0003492888936307281, 'liner': 0.00032391122658737004, 'dock': 1.335101478616707e-05, 'drilling platform': 7.959007234603632e-06, 'projectile': 4.199985596642364e-06, 'bell cote': 3.6404669572220882e-06, 'missile': 3.5247956020612037e-06, 'aircraft carrier': 3.3570706818863982e-06}"
97,Lighthouse,../Image/All_Cropped\Lighthouse\10.jpg,"{'02814860-n': 0.8660783767700195, '02894605-n': 0.06833569705486298, '02980441-n': 0.018899867311120033, '03028079-n': 0.01343579776585102, '02825657-n': 0.0048643141053617, '04562935-n': 0.0029922588728368282, '03781244-n': 0.00238543888553977, '04347754-n': 0.002202823292464018, '04366367-n': 0.0018971749814227223, '03903868-n': 0.0017459435621276498}","{'beacon': 0.8660783767700195, 'breakwater': 0.06833569705486298, 'castle': 0.018899867311120033, 'church': 0.01343579776585102, 'bell cote': 0.0048643141053617, 'water tower': 0.0029922588728368282, 'monastery': 0.00238543888553977, 'submarine': 0.002202823292464018, 'suspension bridge': 0.0018971749814227223, 'pedestal': 0.0017459435621276498}"
98,Lighthouse,../Image/All_Cropped\Lighthouse\11.jpg,"{'02814860-n': 0.8543325066566467, '02894605-n': 0.05140279605984688, '04417672-n': 0.02345779724419117, '03781244-n': 0.021433288231492043, '03028079-n': 0.015172322280704975, '02843684-n': 0.007764688227325678, '02825657-n': 0.00768310995772481, '02980441-n': 0.002644913038238883, '02859443-n': 0.002190523548051715, '04435653-n': 0.0021624816581606865}","{'beacon': 0.8543325066566467, 'breakwater': 0.05140279605984688, 'thatch': 0.02345779724419117, 'monastery': 0.021433288231492043, 'church': 0.015172322280704975, 'birdhouse': 0.007764688227325678, 'bell cote': 0.00768310995772481, 'castle': 0.002644913038238883, 'boathouse': 0.002190523548051715, 'tile roof': 0.0021624816581606865}"
99,Lighthouse,../Image/All_Cropped\Lighthouse\12.jpg,"{'02814860-n': 0.8728756308555603, '01582220-n': 0.025693900883197784, '04557648-n': 0.01509781088680029, '03773504-n': 0.01245072390884161, '04008634-n': 0.011436371132731438, '02056570-n': 0.008028303273022175, '04458633-n': 0.005566404666751623, '03903868-n': 0.004153587389737368, '02950826-n': 0.00398551020771265, '01829413-n': 0.002296255901455879}","{'beacon': 0.8728756308555603, 'magpie': 0.025693900883197784, 'water bottle': 0.01509781088680029, 'missile': 0.01245072390884161, 'projectile': 0.011436371132731438, 'king penguin': 0.008028303273022175, 'totem pole': 0.005566404666751623, 'pedestal': 0.004153587389737368, 'cannon': 0.00398551020771265, 'hornbill': 0.002296255901455879}"
100,Lighthouse,../Image/All_Cropped\Lighthouse\13.jpg,"{'03216828-n': 0.43957823514938354, '03240683-n': 0.20841717720031738, '02814860-n': 0.11573102325201035, '03344393-n': 0.06704439222812653, '03662601-n': 0.024439241737127304, '04606251-n': 0.02375834248960018, '02894605-n': 0.0174652561545372, '03673027-n': 0.015813808888196945, '02859443-n': 0.015358098782598972, '04347754-n': 0.014753283932805061}","{'dock': 0.43957823514938354, 'drilling platform': 0.20841717720031738, 'beacon': 0.11573102325201035, 'fireboat': 0.06704439222812653, 'lifeboat': 0.024439241737127304, 'wreck': 0.02375834248960018, 'breakwater': 0.0174652561545372, 'liner': 0.015813808888196945, 'boathouse': 0.015358098782598972, 'submarine': 0.014753283932805061}"
101,Lighthouse,../Image/All_Cropped\Lighthouse\14.jpg,"{'02814860-n': 0.34479820728302, '02825657-n': 0.14761137962341309, '02894605-n': 0.09617814421653748, '03095699-n': 0.07681677490472794, '04562935-n': 0.04238532856106758, '03877845-n': 0.03292747586965561, '03240683-n': 0.027692463248968124, '04606251-n': 0.024837404489517212, '03788195-n': 0.02254565618932247, '03781244-n': 0.018544239923357964}","{'beacon': 0.34479820728302, 'bell cote': 0.14761137962341309, 'breakwater': 0.09617814421653748, 'container ship': 0.07681677490472794, 'water tower': 0.04238532856106758, 'palace': 0.03292747586965561, 'drilling platform': 0.027692463248968124, 'wreck': 0.024837404489517212, 'mosque': 0.02254565618932247, 'monastery': 0.018544239923357964}"
102,Lighthouse,../Image/All_Cropped\Lighthouse\15.jpg,"{'02814860-n': 0.3545278310775757, '04435653-n': 0.2505515515804291, '03220513-n': 0.21476168930530548, '03930313-n': 0.05420035123825073, '03028079-n': 0.053302325308322906, '03781244-n': 0.019799409434199333, '02825657-n': 0.0108500299975276, '04562935-n': 0.010493598878383636, '02980441-n': 0.007390657439827919, '03877845-n': 0.006888652686029673}","{'beacon': 0.3545278310775757, 'tile roof': 0.2505515515804291, 'dome': 0.21476168930530548, 'picket fence': 0.05420035123825073, 'church': 0.053302325308322906, 'monastery': 0.019799409434199333, 'bell cote': 0.0108500299975276, 'water tower': 0.010493598878383636, 'castle': 0.007390657439827919, 'palace': 0.006888652686029673}"
103,Lighthouse,../Image/All_Cropped\Lighthouse\16.jpg,"{'04458633-n': 0.4129689931869507, '03733131-n': 0.2975752353668213, '03903868-n': 0.12497293204069138, '03976657-n': 0.07795103639364243, '03032252-n': 0.02903551235795021, '03126707-n': 0.015814347192645073, '02825657-n': 0.00785330031067133, '04346328-n': 0.0032026160042732954, '03240683-n': 0.002491240156814456, '04118538-n': 0.002146976999938488}","{'totem pole': 0.4129689931869507, 'maypole': 0.2975752353668213, 'pedestal': 0.12497293204069138, 'pole': 0.07795103639364243, 'cinema': 0.02903551235795021, 'crane': 0.015814347192645073, 'bell cote': 0.00785330031067133, 'stupa': 0.0032026160042732954, 'drilling platform': 0.002491240156814456, 'rugby ball': 0.002146976999938488}"
104,Lighthouse,../Image/All_Cropped\Lighthouse\2.jpg,"{'02814860-n': 0.9528676867485046, '02894605-n': 0.03790106251835823, '02980441-n': 0.005986299831420183, '03781244-n': 0.0010656360536813736, '03028079-n': 0.0009707355056889355, '02825657-n': 0.0003323199925944209, '04347754-n': 0.00018275482580065727, '09399592-n': 0.00010958917118841782, '03877845-n': 8.022005931707099e-05, '04273569-n': 5.782003063359298e-05}","{'beacon': 0.9528676867485046, 'breakwater': 0.03790106251835823, 'castle': 0.005986299831420183, 'monastery': 0.0010656360536813736, 'church': 0.0009707355056889355, 'bell cote': 0.0003323199925944209, 'submarine': 0.00018275482580065727, 'promontory': 0.00010958917118841782, 'palace': 8.022005931707099e-05, 'speedboat': 5.782003063359298e-05}"
105,Lighthouse,../Image/All_Cropped\Lighthouse\3.jpg,"{'02894605-n': 0.28087669610977173, '02814860-n': 0.15927650034427643, '02825657-n': 0.11900214850902557, '04347754-n': 0.08490712940692902, '02980441-n': 0.0588257871568203, '03781244-n': 0.042966876178979874, '03388043-n': 0.03218352794647217, '09399592-n': 0.030808093026280403, '03240683-n': 0.028793688863515854, '04435653-n': 0.018618032336235046}","{'breakwater': 0.28087669610977173, 'beacon': 0.15927650034427643, 'bell cote': 0.11900214850902557, 'submarine': 0.08490712940692902, 'castle': 0.0588257871568203, 'monastery': 0.042966876178979874, 'fountain': 0.03218352794647217, 'promontory': 0.030808093026280403, 'drilling platform': 0.028793688863515854, 'tile roof': 0.018618032336235046}"
106,Lighthouse,../Image/All_Cropped\Lighthouse\4.jpg,"{'02814860-n': 0.8749363422393799, '03788195-n': 0.08122629672288895, '04562935-n': 0.00858303252607584, '03903868-n': 0.006417999044060707, '02708093-n': 0.003138194093480706, '03983396-n': 0.002252033678814769, '03065424-n': 0.0019406875362619758, '03388043-n': 0.0017366241663694382, '02825657-n': 0.0017190832877531648, '04548280-n': 0.001259476295672357}","{'beacon': 0.8749363422393799, 'mosque': 0.08122629672288895, 'water tower': 0.00858303252607584, 'pedestal': 0.006417999044060707, 'analog clock': 0.003138194093480706, 'pop bottle': 0.002252033678814769, 'coil': 0.0019406875362619758, 'fountain': 0.0017366241663694382, 'bell cote': 0.0017190832877531648, 'wall clock': 0.001259476295672357}"
107,Lighthouse,../Image/All_Cropped\Lighthouse\5.jpg,"{'02814860-n': 0.9906999468803406, '02894605-n': 0.008567417971789837, '04557648-n': 0.000122063334856648, '03773504-n': 6.58017088426277e-05, '03764736-n': 5.283102291286923e-05, '04008634-n': 5.136963227414526e-05, '04562935-n': 3.276835195720196e-05, '03028079-n': 3.0447430617641658e-05, '02823428-n': 2.938714715128299e-05, '02825657-n': 2.4849143301253207e-05}","{'beacon': 0.9906999468803406, 'breakwater': 0.008567417971789837, 'water bottle': 0.000122063334856648, 'missile': 6.58017088426277e-05, 'milk can': 5.283102291286923e-05, 'projectile': 5.136963227414526e-05, 'water tower': 3.276835195720196e-05, 'church': 3.0447430617641658e-05, 'beer bottle': 2.938714715128299e-05, 'bell cote': 2.4849143301253207e-05}"
108,Lighthouse,../Image/All_Cropped\Lighthouse\6.jpg,"{'02814860-n': 0.9835569858551025, '02894605-n': 0.0029099020175635815, '03788195-n': 0.001911017345264554, '04591713-n': 0.0016063277143985033, '03916031-n': 0.0015808268217369914, '02823428-n': 0.0011167604243382812, '04346328-n': 0.0008979731355793774, '04254120-n': 0.0008538899710401893, '04347754-n': 0.000704319856595248, '02950826-n': 0.0007034733425825834}","{'beacon': 0.9835569858551025, 'breakwater': 0.0029099020175635815, 'mosque': 0.001911017345264554, 'wine bottle': 0.0016063277143985033, 'perfume': 0.0015808268217369914, 'beer bottle': 0.0011167604243382812, 'stupa': 0.0008979731355793774, 'soap dispenser': 0.0008538899710401893, 'submarine': 0.000704319856595248, 'cannon': 0.0007034733425825834}"
109,Lighthouse,../Image/All_Cropped\Lighthouse\7.jpg,"{'03933933-n': 0.21434180438518524, '02859443-n': 0.08711923658847809, '03673027-n': 0.08297878503799438, '03782006-n': 0.06603152304887772, '09332890-n': 0.06087757647037506, '09399592-n': 0.056774724274873734, '03160309-n': 0.055744025856256485, '03216828-n': 0.03648677095770836, '02814860-n': 0.03051985800266266, '09428293-n': 0.025328299030661583}","{'pier': 0.21434180438518524, 'boathouse': 0.08711923658847809, 'liner': 0.08297878503799438, 'monitor': 0.06603152304887772, 'lakeside': 0.06087757647037506, 'promontory': 0.056774724274873734, 'dam': 0.055744025856256485, 'dock': 0.03648677095770836, 'beacon': 0.03051985800266266, 'seashore': 0.025328299030661583}"
110,Lighthouse,../Image/All_Cropped\Lighthouse\8.jpg,"{'04606251-n': 0.36510568857192993, '03662601-n': 0.07919538766145706, '03344393-n': 0.0707821398973465, '03933933-n': 0.06743176281452179, '02894605-n': 0.05317819118499756, '03216828-n': 0.048824701458215714, '03240683-n': 0.046382755041122437, '02704792-n': 0.044977277517318726, '02859443-n': 0.02827727422118187, '03673027-n': 0.027831366285681725}","{'wreck': 0.36510568857192993, 'lifeboat': 0.07919538766145706, 'fireboat': 0.0707821398973465, 'pier': 0.06743176281452179, 'breakwater': 0.05317819118499756, 'dock': 0.048824701458215714, 'drilling platform': 0.046382755041122437, 'amphibian': 0.044977277517318726, 'boathouse': 0.02827727422118187, 'liner': 0.027831366285681725}"
111,Lighthouse,../Image/All_Cropped\Lighthouse\9.jpg,"{'03903868-n': 0.1292387992143631, '02814860-n': 0.09707799553871155, '03976657-n': 0.08558071404695511, '04458633-n': 0.03345014154911041, '03062245-n': 0.029993776232004166, '04254120-n': 0.027758048847317696, '02815834-n': 0.0271920096129179, '04049303-n': 0.021664457395672798, '04517823-n': 0.020681599155068398, '04456115-n': 0.01765497960150242}","{'pedestal': 0.1292387992143631, 'beacon': 0.09707799553871155, 'pole': 0.08558071404695511, 'totem pole': 0.03345014154911041, 'cocktail shaker': 0.029993776232004166, 'soap dispenser': 0.027758048847317696, 'beaker': 0.0271920096129179, 'rain barrel': 0.021664457395672798, 'vacuum': 0.020681599155068398, 'torch': 0.01765497960150242}"
112,Church,../Image/All_Cropped\Church\1.jpg,"{'03457902-n': 0.5846919417381287, '03220513-n': 0.17821522057056427, '02793495-n': 0.08930765837430954, '03028079-n': 0.029619259759783745, '04417672-n': 0.017056504264473915, '02825657-n': 0.013559107668697834, '02859443-n': 0.013030878268182278, '04355338-n': 0.008002223446965218, '04311004-n': 0.007392960600554943, '04613696-n': 0.007078471127897501}","{'greenhouse': 0.5846919417381287, 'dome': 0.17821522057056427, 'barn': 0.08930765837430954, 'church': 0.029619259759783745, 'thatch': 0.017056504264473915, 'bell cote': 0.013559107668697834, 'boathouse': 0.013030878268182278, 'sundial': 0.008002223446965218, 'steel arch bridge': 0.007392960600554943, 'yurt': 0.007078471127897501}"
113,Church,../Image/All_Cropped\Church\10.jpg,"{'03028079-n': 0.3626278042793274, '03781244-n': 0.23249515891075134, '03877845-n': 0.13302244246006012, '02825657-n': 0.10225538909435272, '02980441-n': 0.06356445699930191, '03220513-n': 0.03285742178559303, '03788195-n': 0.016875043511390686, '03837869-n': 0.013814209029078484, '04486054-n': 0.00555717246606946, '03388043-n': 0.003614014945924282}","{'church': 0.3626278042793274, 'monastery': 0.23249515891075134, 'palace': 0.13302244246006012, 'bell cote': 0.10225538909435272, 'castle': 0.06356445699930191, 'dome': 0.03285742178559303, 'mosque': 0.016875043511390686, 'obelisk': 0.013814209029078484, 'triumphal arch': 0.00555717246606946, 'fountain': 0.003614014945924282}"
114,Church,../Image/All_Cropped\Church\11.jpg,"{'02825657-n': 0.21685022115707397, '02793495-n': 0.18501313030719757, '03781244-n': 0.11655574291944504, '04486054-n': 0.07343048602342606, '03028079-n': 0.07124535739421844, '04562935-n': 0.06805447489023209, '04258138-n': 0.03247677534818649, '04005630-n': 0.022804200649261475, '04523525-n': 0.015662219375371933, '02814860-n': 0.012117452919483185}","{'bell cote': 0.21685022115707397, 'barn': 0.18501313030719757, 'monastery': 0.11655574291944504, 'triumphal arch': 0.07343048602342606, 'church': 0.07124535739421844, 'water tower': 0.06805447489023209, 'solar dish': 0.03247677534818649, 'prison': 0.022804200649261475, 'vault': 0.015662219375371933, 'beacon': 0.012117452919483185}"
115,Church,../Image/All_Cropped\Church\12.jpg,"{'03220513-n': 0.49521374702453613, '03028079-n': 0.4127749502658844, '03781244-n': 0.0568072684109211, '03788195-n': 0.029459252953529358, '03877845-n': 0.0041402350179851055, '02980441-n': 0.00047021324280649424, '03017168-n': 0.00032480640220455825, '04523525-n': 0.00023005307593848556, '02699494-n': 0.00014303323405329138, '02708093-n': 9.693224274087697e-05}","{'dome': 0.49521374702453613, 'church': 0.4127749502658844, 'monastery': 0.0568072684109211, 'mosque': 0.029459252953529358, 'palace': 0.0041402350179851055, 'castle': 0.00047021324280649424, 'chime': 0.00032480640220455825, 'vault': 0.00023005307593848556, 'altar': 0.00014303323405329138, 'analog clock': 9.693224274087697e-05}"
116,Church,../Image/All_Cropped\Church\13.jpg,"{'03028079-n': 0.43720728158950806, '02793495-n': 0.265901118516922, '02825657-n': 0.12830381095409393, '03781244-n': 0.09206655621528625, '02859443-n': 0.025782624259591103, '02814860-n': 0.019781028851866722, '02980441-n': 0.017114564776420593, '04435653-n': 0.002792882267385721, '03877845-n': 0.0017534121870994568, '04417672-n': 0.0008921600528992712}","{'church': 0.43720728158950806, 'barn': 0.265901118516922, 'bell cote': 0.12830381095409393, 'monastery': 0.09206655621528625, 'boathouse': 0.025782624259591103, 'beacon': 0.019781028851866722, 'castle': 0.017114564776420593, 'tile roof': 0.002792882267385721, 'palace': 0.0017534121870994568, 'thatch': 0.0008921600528992712}"
117,Church,../Image/All_Cropped\Church\14.jpg,"{'03877845-n': 0.7200090885162354, '03781244-n': 0.053880203515291214, '03032252-n': 0.042234912514686584, '03788195-n': 0.033808525651693344, '03028079-n': 0.027546333149075508, '03447447-n': 0.0231899693608284, '04335435-n': 0.012592857703566551, '02980441-n': 0.011630971916019917, '03874293-n': 0.0103065250441432, '03388043-n': 0.004761477466672659}","{'palace': 0.7200090885162354, 'monastery': 0.053880203515291214, 'cinema': 0.042234912514686584, 'mosque': 0.033808525651693344, 'church': 0.027546333149075508, 'gondola': 0.0231899693608284, 'streetcar': 0.012592857703566551, 'castle': 0.011630971916019917, 'paddlewheel': 0.0103065250441432, 'fountain': 0.004761477466672659}"
118,Church,../Image/All_Cropped\Church\15.jpg,"{'03478589-n': 0.27896952629089355, '02704792-n': 0.08065751940011978, '03903868-n': 0.07794762402772903, '02727426-n': 0.06931697577238083, '04389033-n': 0.04388256371021271, '04346328-n': 0.040607575327157974, '02916936-n': 0.04051601514220238, '04458633-n': 0.018763605505228043, '03763968-n': 0.01686546951532364, '02892201-n': 0.013438913971185684}","{'half track': 0.27896952629089355, 'amphibian': 0.08065751940011978, 'pedestal': 0.07794762402772903, 'apiary': 0.06931697577238083, 'tank': 0.04388256371021271, 'stupa': 0.040607575327157974, 'bulletproof vest': 0.04051601514220238, 'totem pole': 0.018763605505228043, 'military uniform': 0.01686546951532364, 'brass': 0.013438913971185684}"
119,Church,../Image/All_Cropped\Church\16.jpg,"{'03781244-n': 0.5006998777389526, '03877845-n': 0.2294282466173172, '02825657-n': 0.09413857758045197, '02980441-n': 0.05480356141924858, '03028079-n': 0.04846980795264244, '03788195-n': 0.026099763810634613, '04486054-n': 0.01447871420532465, '04311004-n': 0.009992927312850952, '04005630-n': 0.003434485988691449, '03220513-n': 0.0032922206446528435}","{'monastery': 0.5006998777389526, 'palace': 0.2294282466173172, 'bell cote': 0.09413857758045197, 'castle': 0.05480356141924858, 'church': 0.04846980795264244, 'mosque': 0.026099763810634613, 'triumphal arch': 0.01447871420532465, 'steel arch bridge': 0.009992927312850952, 'prison': 0.003434485988691449, 'dome': 0.0032922206446528435}"
120,Church,../Image/All_Cropped\Church\2.jpg,"{'02980441-n': 0.4357684552669525, '03781244-n': 0.22157526016235352, '03028079-n': 0.17289789021015167, '02825657-n': 0.09281302243471146, '09193705-n': 0.04664778336882591, '03877845-n': 0.004787143785506487, '04005630-n': 0.0032418537884950638, '04604644-n': 0.002175516914576292, '02814860-n': 0.0020314338617026806, '04258138-n': 0.001794429263100028}","{'castle': 0.4357684552669525, 'monastery': 0.22157526016235352, 'church': 0.17289789021015167, 'bell cote': 0.09281302243471146, 'alp': 0.04664778336882591, 'palace': 0.004787143785506487, 'prison': 0.0032418537884950638, 'worm fence': 0.002175516914576292, 'beacon': 0.0020314338617026806, 'solar dish': 0.001794429263100028}"
121,Church,../Image/All_Cropped\Church\3.jpg,"{'03781244-n': 0.7670885324478149, '02825657-n': 0.06384645402431488, '04346328-n': 0.03647832199931145, '02980441-n': 0.02903078868985176, '03877845-n': 0.02359873615205288, '03028079-n': 0.017086725682020187, '02814860-n': 0.005796774290502071, '04486054-n': 0.005013586021959782, '03903868-n': 0.0047507756389677525, '04523525-n': 0.003345510922372341}","{'monastery': 0.7670885324478149, 'bell cote': 0.06384645402431488, 'stupa': 0.03647832199931145, 'castle': 0.02903078868985176, 'palace': 0.02359873615205288, 'church': 0.017086725682020187, 'beacon': 0.005796774290502071, 'triumphal arch': 0.005013586021959782, 'pedestal': 0.0047507756389677525, 'vault': 0.003345510922372341}"
122,Church,../Image/All_Cropped\Church\4.jpg,"{'03028079-n': 0.8345403671264648, '02825657-n': 0.07053448259830475, '02814860-n': 0.0319238156080246, '03781244-n': 0.022078337147831917, '02980441-n': 0.008245226927101612, '02793495-n': 0.005481479689478874, '02859443-n': 0.005121213383972645, '04435653-n': 0.0024322757963091135, '04258138-n': 0.0020467620342969894, '03220513-n': 0.0019820858724415302}","{'church': 0.8345403671264648, 'bell cote': 0.07053448259830475, 'beacon': 0.0319238156080246, 'monastery': 0.022078337147831917, 'castle': 0.008245226927101612, 'barn': 0.005481479689478874, 'boathouse': 0.005121213383972645, 'tile roof': 0.0024322757963091135, 'solar dish': 0.0020467620342969894, 'dome': 0.0019820858724415302}"
123,Church,../Image/All_Cropped\Church\5.jpg,"{'03028079-n': 0.6445643305778503, '03781244-n': 0.22178885340690613, '02825657-n': 0.07966843992471695, '02980441-n': 0.02050870470702648, '03877845-n': 0.0098427077755332, '03788195-n': 0.0056177666410803795, '02814860-n': 0.0029158154502511024, '02708093-n': 0.001632135477848351, '02843684-n': 0.001577254617586732, '03773504-n': 0.0013752717059105635}","{'church': 0.6445643305778503, 'monastery': 0.22178885340690613, 'bell cote': 0.07966843992471695, 'castle': 0.02050870470702648, 'palace': 0.0098427077755332, 'mosque': 0.0056177666410803795, 'beacon': 0.0029158154502511024, 'analog clock': 0.001632135477848351, 'birdhouse': 0.001577254617586732, 'missile': 0.0013752717059105635}"
124,Church,../Image/All_Cropped\Church\6.jpg,"{'02793495-n': 0.9864155650138855, '03028079-n': 0.0031815487891435623, '02859443-n': 0.0022439260501414537, '03776460-n': 0.001701992703601718, '02825657-n': 0.0013391352258622646, '03930313-n': 0.0012351690093055367, '04589890-n': 0.0005667812074534595, '04005630-n': 0.0005247856606729329, '04258138-n': 0.0004661254642996937, '04532670-n': 0.00033727186382748187}","{'barn': 0.9864155650138855, 'church': 0.0031815487891435623, 'boathouse': 0.0022439260501414537, 'mobile home': 0.001701992703601718, 'bell cote': 0.0013391352258622646, 'picket fence': 0.0012351690093055367, 'window screen': 0.0005667812074534595, 'prison': 0.0005247856606729329, 'solar dish': 0.0004661254642996937, 'viaduct': 0.00033727186382748187}"
125,Church,../Image/All_Cropped\Church\7.jpg,"{'03028079-n': 0.43230870366096497, '03781244-n': 0.3753929138183594, '02814860-n': 0.14839906990528107, '02825657-n': 0.022595861926674843, '02980441-n': 0.005672065075486898, '03220513-n': 0.003104568924754858, '03877845-n': 0.002573650563135743, '03788195-n': 0.00218395609408617, '03661043-n': 0.00200029369443655, '02843684-n': 0.0008004994597285986}","{'church': 0.43230870366096497, 'monastery': 0.3753929138183594, 'beacon': 0.14839906990528107, 'bell cote': 0.022595861926674843, 'castle': 0.005672065075486898, 'dome': 0.003104568924754858, 'palace': 0.002573650563135743, 'mosque': 0.00218395609408617, 'library': 0.00200029369443655, 'birdhouse': 0.0008004994597285986}"
126,Church,../Image/All_Cropped\Church\8.jpg,"{'02843684-n': 0.3770584762096405, '03028079-n': 0.2529679536819458, '02793495-n': 0.16089361906051636, '03930313-n': 0.10022662580013275, '02859443-n': 0.018810143694281578, '02825657-n': 0.012224607169628143, '03933933-n': 0.009799683466553688, '04258138-n': 0.008376487530767918, '03017168-n': 0.007435786072164774, '04562935-n': 0.007112416904419661}","{'birdhouse': 0.3770584762096405, 'church': 0.2529679536819458, 'barn': 0.16089361906051636, 'picket fence': 0.10022662580013275, 'boathouse': 0.018810143694281578, 'bell cote': 0.012224607169628143, 'pier': 0.009799683466553688, 'solar dish': 0.008376487530767918, 'chime': 0.007435786072164774, 'water tower': 0.007112416904419661}"
127,Church,../Image/All_Cropped\Church\9.jpg,"{'03028079-n': 0.4084910452365875, '03781244-n': 0.2230793833732605, '03877845-n': 0.1803862750530243, '03788195-n': 0.05834165960550308, '03220513-n': 0.04271681606769562, '04486054-n': 0.03904781863093376, '02825657-n': 0.01296457089483738, '02699494-n': 0.011789053678512573, '04523525-n': 0.008282019756734371, '03903868-n': 0.006685118190944195}","{'church': 0.4084910452365875, 'monastery': 0.2230793833732605, 'palace': 0.1803862750530243, 'mosque': 0.05834165960550308, 'dome': 0.04271681606769562, 'triumphal arch': 0.03904781863093376, 'bell cote': 0.01296457089483738, 'altar': 0.011789053678512573, 'vault': 0.008282019756734371, 'pedestal': 0.006685118190944195}"
